district,district_census_code,state,state_census_code,rural_BMIM,rural_BMIW,rural_BPM,rural_BPW,rural_SUGM,rural_SUGW,total_BMIM,total_BMIW,total_BPM,total_BPW,total_SUGM,total_SUGW,urban_BMIM,urban_BMIW,urban_BPM,urban_BPW,urban_SUGM,urban_SUGW
Adilabad,532,Telangana,28,6.2,11.6,9.1,11.1,4.9,4.5,8.6,15.8,12.8,10.4,4.6,6.5,0.0,0.0,0.0,0.0,0.0,0.0
Agra,146,Uttar Pradesh,09,15.1,12.2,7.1000000000000005,4.2,5.1,2.8,18.9,21.5,9.4,5.499999999999999,4.9,3.2,22.6,30.4,11.7,6.9,4.6,3.6
Ahmadabad,474,Gujarat,24,0.0,0.0,0.0,0.0,0.0,0.0,26.4,30.7,15.7,10.200000000000001,5.4,6.0,29.4,34.0,19.099999999999998,10.0,5.6,6.1
Ahmednagar,522,Maharashtra,27,15.1,13.9,13.9,6.699999999999999,2.7,4.4,20.4,18.3,12.799999999999999,7.5,5.1,4.3,0.0,0.0,0.0,0.0,0.0,0.0
Aizawl,283,Mizoram,15,0.0,0.0,0.0,0.0,0.0,0.0,26.0,26.8,20.6,11.299999999999999,11.1,9.5,31.2,29.6,21.7,11.5,11.9,9.6
Ajmer,119,Rajasthan,08,13.9,11.6,13.299999999999999,5.3,7.4,5.4,18.5,16.8,14.0,6.5,7.1,5.7,24.7,25.0,15.100000000000001,8.5,6.7,6.1
Akola,501,Maharashtra,27,7.7,14.3,11.6,9.9,9.3,4.3,18.0,20.6,12.9,9.8,8.9,5.3,41.6,30.7,16.1,9.500000000000002,8.2,6.8
Alappuzha,598,Kerala,32,26.8,36.8,10.0,6.8999999999999995,13.6,8.3,22.1,37.7,8.9,6.300000000000001,14.2,10.1,16.3,38.4,7.5,6.0,14.9,11.7
Aligarh,143,Uttar Pradesh,09,6.4,13.6,6.3,4.6,13.1,4.5,13.2,18.7,8.6,6.0,12.0,4.5,25.5,27.5,12.700000000000001,8.5,9.9,4.7
Alirajpur,465,Madhya Pradesh,23,6.0,5.1,12.7,9.0,7.4,4.2,8.1,7.2,11.6,9.5,7.4,4.0,0.0,0.0,0.0,0.0,0.0,0.0
Allahabad,175,Uttar Pradesh,09,6.9,14.4,7.6,6.3999999999999995,3.3,3.3,13.3,18.1,10.2,6.499999999999999,2.8,3.3,0.0,0.0,0.0,0.0,0.0,0.0
Almora,064,Uttarakhand,05,13.8,7.7,21.9,9.0,6.5,4.6,13.7,9.2,19.4,9.599999999999998,5.4,4.8,0.0,0.0,0.0,0.0,0.0,0.0
Alwar,104,Rajasthan,08,18.1,10.9,13.4,7.7,8.4,2.4,18.0,13.0,15.7,8.0,6.7,2.6,0.0,0.0,0.0,0.0,0.0,0.0
Ambala,070,Haryana,06,7.1,13.3,8.0,8.1,5.7,3.6,12.3,12.7,11.299999999999999,11.5,5.1,4.4,19.6,12.1,16.1,15.5,4.4,5.4
Ambedkar Nagar,178,Uttar Pradesh,09,10.7,11.7,8.399999999999999,8.1,4.9,2.8,9.2,12.2,8.1,8.1,4.3,2.9,0.0,0.0,0.0,0.0,0.0,0.0
Amravati,503,Maharashtra,27,17.6,11.7,16.0,10.5,10.2,5.5,21.3,18.7,15.399999999999999,10.4,7.9,5.9,26.8,29.7,14.299999999999999,10.100000000000001,4.5,6.6
Amreli,480,Gujarat,24,22.5,25.7,12.4,8.5,9.2,6.0,23.9,28.2,10.7,8.7,8.2,5.1,0.0,0.0,0.0,0.0,0.0,0.0
Amritsar,049,Punjab,03,33.0,30.1,16.3,15.0,7.2,6.2,33.1,30.3,17.8,12.4,5.6,4.9,33.1,30.6,19.200000000000003,10.3,3.9,3.8
Anand,482,Gujarat,24,9.6,12.5,24.7,13.7,8.7,5.2,17.9,19.4,25.9,14.3,8.7,5.5,38.7,35.2,28.9,15.7,8.6,6.4
Anantapur,553,Andhra Pradesh,28,20.2,20.1,19.3,10.8,10.6,5.6,28.8,26.5,22.7,11.9,8.9,6.9,0.0,0.0,0.0,0.0,0.0,0.0
Anantnag,014,Jammu & Kashmir,01,11.3,29.8,10.6,15.5,3.6,6.6,14.9,33.1,11.0,17.2,3.8,7.5,0.0,0.0,0.0,0.0,0.0,0.0
Anjaw,260,Arunachal Pradesh,12,24.7,18.4,37.6,22.3,9.5,4.6,25.3,18.9,39.6,22.1,8.8,4.5,0.0,0.0,0.0,0.0,0.0,0.0
Anugul,384,Odisha,21,10.7,13.1,23.0,12.0,9.7,5.3,17.4,17.6,20.900000000000002,11.2,9.6,5.9,0.0,0.0,0.0,0.0,0.0,0.0
Anuppur,461,Madhya Pradesh,23,3.4,4.6,10.4,8.4,7.2,4.8,10.1,10.3,11.5,8.8,9.2,5.3,0.0,0.0,0.0,0.0,0.0,0.0
Araria,209,Bihar,10,6.1,4.6,6.1,6.8999999999999995,6.6,4.1,6.2,6.2,5.8,6.7,6.7,4.2,0.0,0.0,0.0,0.0,0.0,0.0
Ariyalur,616,Tamil Nadu,33,29.0,20.8,24.400000000000002,7.3,10.5,7.4,28.9,21.4,21.099999999999998,6.8,14.0,8.1,0.0,0.0,0.0,0.0,0.0,0.0
Arwal,240,Bihar,10,6.1,7.8,3.9000000000000004,5.4,7.6,4.1,6.8,7.8,3.9000000000000004,5.2,7.6,4.3,0.0,0.0,0.0,0.0,0.0,0.0
Ashoknagar,459,Madhya Pradesh,23,6.6,8.3,5.5,5.2,3.1,1.6,6.4,10.0,5.5,5.2,2.6,1.8,0.0,0.0,0.0,0.0,0.0,0.0
Auraiya,162,Uttar Pradesh,09,5.9,9.4,6.7,4.1,0.0,2.4,10.2,11.8,6.7,4.7,1.3,2.5,0.0,0.0,0.0,0.0,0.0,0.0
Aurangabad,235,Bihar,10,21.6,10.7,4.2,7.8999999999999995,20.2,5.2,21.0,12.2,3.5,7.5,17.6,5.4,0.0,0.0,0.0,0.0,0.0,0.0
Aurangabad,515,Maharashtra,27,8.7,15.8,10.0,9.8,4.8,2.8,16.6,23.2,12.9,8.7,4.8,4.5,26.4,30.7,16.4,7.6000000000000005,4.7,6.3
Azamgarh,191,Uttar Pradesh,09,13.9,13.7,8.899999999999999,7.3999999999999995,5.3,4.5,17.0,16.3,9.3,8.1,6.1,4.9,0.0,0.0,0.0,0.0,0.0,0.0
Badgam,002,Jammu & Kashmir,01,13.7,29.1,16.6,9.7,3.4,6.9,15.3,31.4,13.399999999999999,9.799999999999999,3.1,6.8,0.0,0.0,0.0,0.0,0.0,0.0
Bagalkot,556,Karnataka,29,8.9,12.8,11.8,8.2,3.4,3.4,13.6,16.6,16.400000000000002,8.799999999999999,4.2,4.0,23.4,23.3,25.7,9.9,5.7,5.1
Bageshwar,063,Uttarakhand,05,16.7,9.7,16.7,5.9,12.5,4.3,16.5,10.2,15.400000000000002,5.9,12.6,4.3,0.0,0.0,0.0,0.0,0.0,0.0
Baghpat,139,Uttar Pradesh,09,12.1,23.1,9.799999999999999,4.8999999999999995,10.0,7.2,15.2,27.0,11.399999999999999,5.3,10.8,7.2,0.0,0.0,0.0,0.0,0.0,0.0
Bahraich,180,Uttar Pradesh,09,11.9,9.1,14.200000000000001,13.7,15.3,7.8,12.9,10.5,12.6,13.1,14.2,7.8,0.0,0.0,0.0,0.0,0.0,0.0
Baksa,324,Assam,18,7.6,15.1,24.900000000000002,18.599999999999998,7.4,5.5,7.2,15.2,25.499999999999996,18.5,7.0,5.5,0.0,0.0,0.0,0.0,0.0,0.0
Balaghat,457,Madhya Pradesh,23,1.7,5.4,7.8,7.8,5.5,4.5,2.1,7.4,8.6,7.6000000000000005,6.9,4.6,0.0,0.0,0.0,0.0,0.0,0.0
Balangir,393,Odisha,21,9.5,9.0,11.1,8.6,10.1,6.6,11.4,10.9,11.0,8.9,9.6,6.6,0.0,0.0,0.0,0.0,0.0,0.0
Baleshwar,377,Odisha,21,19.2,12.2,16.4,9.200000000000001,15.4,8.3,22.8,15.8,18.7,10.0,16.2,7.7,0.0,0.0,0.0,0.0,0.0,0.0
Ballia,193,Uttar Pradesh,09,11.9,16.8,12.8,10.4,8.0,5.2,13.6,16.9,11.7,10.100000000000001,8.0,4.9,0.0,0.0,0.0,0.0,0.0,0.0
Balrampur,182,Uttar Pradesh,09,9.1,9.6,21.9,14.3,10.0,7.7,12.9,11.3,25.4,14.500000000000002,12.4,8.2,0.0,0.0,0.0,0.0,0.0,0.0
Banaskantha,469,Gujarat,24,13.2,9.0,10.4,3.5,6.9,3.1,14.0,10.6,11.2,4.1,7.5,3.5,0.0,0.0,0.0,0.0,0.0,0.0
Banda,170,Uttar Pradesh,09,5.2,6.4,3.9,3.8000000000000003,1.0,1.0,10.5,8.3,6.1,3.6,4.0,1.3,0.0,0.0,0.0,0.0,0.0,0.0
Bandipore,009,Jammu & Kashmir,01,19.3,32.9,8.7,9.700000000000001,4.1,4.3,18.3,34.1,7.8,10.299999999999999,5.2,5.2,0.0,0.0,0.0,0.0,0.0,0.0
Bangalore,572,Karnataka,29,0.0,0.0,0.0,0.0,0.0,0.0,26.1,32.0,11.6,7.300000000000001,10.9,8.3,27.5,33.4,11.700000000000001,6.7,8.8,8.7
Bangalore Rural,583,Karnataka,29,20.9,20.0,24.499999999999996,6.6,4.9,6.4,22.3,24.5,21.1,8.9,5.9,6.7,0.0,0.0,0.0,0.0,0.0,0.0
Banka,225,Bihar,10,12.4,6.0,5.7,3.6999999999999997,6.6,3.7,13.4,6.2,6.3,3.6999999999999997,7.6,3.8,0.0,0.0,0.0,0.0,0.0,0.0
Bankura,339,West Bengal,19,9.3,7.9,7.7,7.8,9.4,7.3,9.0,9.4,8.8,8.799999999999999,9.2,6.9,0.0,0.0,0.0,0.0,0.0,0.0
Banswara,125,Rajasthan,08,7.0,7.0,5.1000000000000005,3.4,8.1,4.4,8.7,9.0,4.8999999999999995,3.4999999999999996,7.1,4.5,0.0,0.0,0.0,0.0,0.0,0.0
Bara Banki,176,Uttar Pradesh,09,8.3,11.0,16.099999999999998,8.5,6.1,3.6,11.4,13.8,14.3,9.4,5.6,4.0,0.0,0.0,0.0,0.0,0.0,0.0
Baramula,008,Jammu & Kashmir,01,18.6,21.1,12.2,8.5,3.7,2.9,21.7,24.5,9.8,7.8,3.8,3.7,0.0,0.0,0.0,0.0,0.0,0.0
Baran,128,Rajasthan,08,5.3,7.6,6.700000000000001,5.3999999999999995,7.4,4.4,7.6,9.7,7.2,5.3999999999999995,9.2,3.9,0.0,0.0,0.0,0.0,0.0,0.0
Barddhaman,335,West Bengal,19,6.4,11.8,10.6,11.9,9.1,7.3,12.2,17.0,13.299999999999999,12.200000000000001,7.3,7.5,19.7,23.8,17.1,12.5,4.9,7.8
Bareilly,150,Uttar Pradesh,09,6.0,15.7,6.1000000000000005,7.299999999999999,13.0,7.7,10.6,20.9,7.8999999999999995,8.1,12.9,8.2,17.1,28.3,10.5,9.100000000000001,12.8,9.0
Bargarh,370,Odisha,21,16.6,13.0,15.8,7.0,9.5,5.2,17.3,14.5,16.9,7.699999999999999,9.2,5.4,0.0,0.0,0.0,0.0,0.0,0.0
Barmer,115,Rajasthan,08,14.2,9.8,12.100000000000001,6.5,4.1,2.8,15.0,11.7,10.9,7.1,3.7,3.0,0.0,0.0,0.0,0.0,0.0,0.0
Barnala,054,Punjab,03,20.0,31.8,34.9,24.6,13.0,5.6,24.4,32.4,31.2,22.3,10.6,5.8,34.1,33.5,22.900000000000002,17.8,5.4,6.2
Barpeta,303,Assam,18,14.4,11.5,30.4,21.400000000000002,6.3,5.2,14.3,12.0,31.4,21.4,6.3,5.4,0.0,0.0,0.0,0.0,0.0,0.0
Barwani,441,Madhya Pradesh,23,4.0,6.7,10.5,11.8,5.0,4.5,9.9,10.8,11.399999999999999,11.700000000000001,6.3,5.7,0.0,0.0,0.0,0.0,0.0,0.0
Bastar,414,Chhattisgarh,22,2.2,2.4,9.0,9.7,9.0,5.9,5.3,6.3,9.499999999999998,9.8,10.2,6.4,0.0,0.0,0.0,0.0,0.0,0.0
Basti,185,Uttar Pradesh,09,9.4,14.6,18.9,12.1,11.6,12.8,8.5,15.5,20.2,12.299999999999999,10.5,12.5,0.0,0.0,0.0,0.0,0.0,0.0
Bathinda,046,Punjab,03,24.7,23.1,12.4,12.200000000000001,4.5,4.9,26.0,23.8,10.9,10.1,5.4,4.6,27.8,24.6,8.5,7.7,6.8,4.2
Baudh,391,Odisha,21,13.6,8.4,9.700000000000001,7.2,12.5,5.1,14.8,8.7,10.200000000000001,7.2,12.8,5.0,0.0,0.0,0.0,0.0,0.0,0.0
Begusarai,222,Bihar,10,15.9,8.4,10.4,4.3,5.5,2.4,12.5,9.9,8.6,5.0,4.0,2.4,0.0,0.0,0.0,0.0,0.0,0.0
Belgaum,555,Karnataka,29,22.8,18.6,9.4,9.500000000000002,4.7,4.9,27.5,20.7,10.6,9.200000000000001,9.0,6.0,0.0,0.0,0.0,0.0,0.0,0.0
Bellary,565,Karnataka,29,10.3,14.5,6.199999999999999,6.0,6.6,3.1,20.9,18.9,10.5,7.3999999999999995,6.5,4.0,37.0,24.7,16.799999999999997,9.2,6.3,5.2
Betul,447,Madhya Pradesh,23,3.8,10.3,5.8,4.699999999999999,5.8,2.3,6.8,12.2,4.6,4.800000000000001,5.3,4.1,0.0,0.0,0.0,0.0,0.0,0.0
Bhadrak,378,Odisha,21,21.8,11.6,7.9,6.2,15.5,11.3,22.5,13.9,8.8,6.8,13.7,11.5,0.0,0.0,0.0,0.0,0.0,0.0
Bhagalpur,224,Bihar,10,8.5,8.4,4.7,3.0999999999999996,3.2,3.9,9.2,12.4,7.4,3.8000000000000003,3.0,3.9,0.0,0.0,0.0,0.0,0.0,0.0
Bhandara,506,Maharashtra,27,6.9,10.9,10.6,8.8,8.7,4.3,10.7,14.5,13.000000000000002,10.700000000000001,9.3,4.7,0.0,0.0,0.0,0.0,0.0,0.0
Bharatpur,105,Rajasthan,08,11.5,12.1,9.999999999999998,9.700000000000001,4.2,3.0,12.5,14.4,13.2,10.1,4.7,3.1,0.0,0.0,0.0,0.0,0.0,0.0
Bharuch,488,Gujarat,24,12.6,16.3,17.3,11.600000000000001,5.1,8.8,16.5,23.7,18.0,12.100000000000001,6.3,8.1,23.2,35.6,19.200000000000003,13.0,8.4,6.8
Bhavnagar,481,Gujarat,24,21.6,23.9,17.9,7.6,7.6,6.8,23.7,28.0,15.9,8.2,11.0,6.9,26.1,34.1,13.8,9.0,14.8,6.9
Bhilwara,122,Rajasthan,08,8.2,12.3,5.4,3.6999999999999997,6.3,3.1,10.2,14.1,5.5,3.8,6.7,3.0,0.0,0.0,0.0,0.0,0.0,0.0
Bhind,420,Madhya Pradesh,23,9.8,11.1,2.6,4.3999999999999995,2.1,1.2,11.7,12.1,2.8000000000000003,3.6999999999999997,3.2,1.9,0.0,0.0,0.0,0.0,0.0,0.0
Bhiwani,081,Haryana,06,21.3,19.1,17.7,8.200000000000001,4.6,4.2,23.6,22.1,16.3,9.0,4.6,4.3,0.0,0.0,0.0,0.0,0.0,0.0
Bhojpur,231,Bihar,10,8.9,12.3,12.299999999999999,6.1,6.8,4.1,13.7,14.4,10.1,5.3,7.0,4.2,0.0,0.0,0.0,0.0,0.0,0.0
Bhopal,444,Madhya Pradesh,23,0.0,0.0,0.0,0.0,0.0,0.0,21.7,23.5,13.6,6.6,7.2,4.1,24.0,26.0,15.3,6.9,8.0,4.5
Bid,523,Maharashtra,27,12.2,15.9,6.1,7.3999999999999995,1.0,4.6,13.8,18.6,6.8999999999999995,8.0,0.9,4.9,0.0,0.0,0.0,0.0,0.0,0.0
Bidar,558,Karnataka,29,12.6,12.2,20.7,10.899999999999999,5.3,3.3,17.0,15.9,21.6,12.4,7.2,3.9,0.0,0.0,0.0,0.0,0.0,0.0
Bijapur,417,Chhattisgarh,22,7.3,1.7,13.0,5.8,4.4,4.0,7.7,2.4,12.5,5.6,5.1,4.0,0.0,0.0,0.0,0.0,0.0,0.0
Bijapur,557,Karnataka,29,13.9,13.4,24.2,10.700000000000001,5.0,3.6,16.2,18.0,25.7,11.899999999999999,5.4,3.9,0.0,0.0,0.0,0.0,0.0,0.0
Bijnor,134,Uttar Pradesh,09,4.9,17.1,5.8,5.2,10.5,5.4,9.8,20.1,8.1,6.800000000000001,11.0,5.6,0.0,0.0,0.0,0.0,0.0,0.0
Bikaner,101,Rajasthan,08,10.2,10.7,10.6,6.0,6.4,3.3,13.2,15.4,11.8,6.1000000000000005,5.3,3.9,18.0,22.4,14.100000000000001,6.0,3.5,5.0
Bilaspur,030,Himachal Pradesh,02,18.2,27.7,23.3,12.5,5.1,6.8,17.9,28.4,22.6,12.4,5.5,6.6,0.0,0.0,0.0,0.0,0.0,0.0
Bilaspur,406,Chhattisgarh,22,5.8,7.0,5.2,5.4,0.7,3.3,10.3,10.0,7.1,6.1,4.7,3.3,0.0,0.0,0.0,0.0,0.0,0.0
Birbhum,334,West Bengal,19,5.2,8.8,6.6000000000000005,9.9,12.0,4.8,4.5,10.3,8.1,10.2,12.0,5.0,0.0,0.0,0.0,0.0,0.0,0.0
Bishnupur,275,Manipur,14,20.5,23.4,17.400000000000002,9.799999999999999,13.7,5.3,21.7,24.5,20.8,10.600000000000001,11.1,6.0,23.1,25.5,24.6,11.5,8.2,6.6
Bokaro,355,Jharkhand,20,3.5,4.9,9.1,6.6,10.9,4.7,14.2,12.1,11.299999999999999,7.8,8.7,5.5,25.5,18.9,13.600000000000001,8.799999999999999,6.4,6.2
Bongaigaon,319,Assam,18,19.1,12.3,26.9,17.8,5.6,4.1,18.7,13.4,26.0,18.5,5.9,4.1,0.0,0.0,0.0,0.0,0.0,0.0
Budaun,149,Uttar Pradesh,09,4.0,9.3,3.5,3.6999999999999997,5.8,3.6,9.3,14.2,4.8,4.7,5.2,4.3,0.0,0.0,0.0,0.0,0.0,0.0
Bulandshahr,142,Uttar Pradesh,09,10.1,15.1,7.6000000000000005,4.9,5.5,3.0,13.7,19.3,10.299999999999999,6.199999999999999,4.4,3.7,0.0,0.0,0.0,0.0,0.0,0.0
Buldhana,500,Maharashtra,27,4.3,14.3,10.8,9.1,3.4,3.2,11.4,16.8,15.7,9.5,3.1,3.5,0.0,0.0,0.0,0.0,0.0,0.0
Bundi,121,Rajasthan,08,7.2,7.3,12.9,3.6,8.6,3.9,10.5,10.9,12.6,5.1,7.0,4.3,0.0,0.0,0.0,0.0,0.0,0.0
Burhanpur,467,Madhya Pradesh,23,7.4,10.5,14.399999999999999,8.4,2.9,4.6,12.2,16.3,13.3,9.0,4.2,4.8,20.6,25.2,11.399999999999999,10.100000000000001,6.6,5.0
Buxar,232,Bihar,10,8.6,14.7,11.0,6.9,6.1,3.6,13.5,17.2,11.6,6.9,5.0,4.0,0.0,0.0,0.0,0.0,0.0,0.0
Cachar,316,Assam,18,7.3,6.0,13.6,10.9,0.8,1.9,9.3,7.7,17.2,11.299999999999999,1.4,2.0,0.0,0.0,0.0,0.0,0.0,0.0
Central,095,NCT Delhi,07,0.0,0.0,0.0,0.0,0.0,0.0,17.0,35.6,15.9,8.700000000000001,10.0,7.2,17.0,35.6,15.9,8.700000000000001,10.0,7.2
Chamarajanagar,578,Karnataka,29,17.9,15.1,14.700000000000001,11.4,9.9,4.0,18.8,17.3,17.5,13.200000000000001,10.1,5.3,0.0,0.0,0.0,0.0,0.0,0.0
Chamba,023,Himachal Pradesh,02,15.8,18.6,14.799999999999999,6.699999999999999,7.9,3.1,14.5,20.8,14.200000000000001,7.0,7.2,3.7,0.0,0.0,0.0,0.0,0.0,0.0
Chamoli,057,Uttarakhand,05,8.2,12.9,12.6,6.6000000000000005,2.4,3.8,10.2,16.6,16.1,7.1,1.8,3.9,0.0,0.0,0.0,0.0,0.0,0.0
Champawat,065,Uttarakhand,05,23.2,13.6,23.5,10.6,13.0,8.5,19.3,17.1,19.5,11.1,10.7,8.0,0.0,0.0,0.0,0.0,0.0,0.0
Champhai,284,Mizoram,15,15.1,13.0,16.7,9.8,9.2,7.1,17.8,17.4,17.9,10.0,7.9,6.9,21.4,22.6,19.5,10.4,6.2,6.6
Chandauli,196,Uttar Pradesh,09,9.5,12.0,10.700000000000001,7.199999999999999,7.2,3.0,10.7,14.1,11.6,7.5,7.7,3.8,0.0,0.0,0.0,0.0,0.0,0.0
Chandel,280,Manipur,14,15.4,23.8,11.600000000000001,11.1,9.0,5.7,15.3,24.4,11.3,10.899999999999999,8.4,6.1,0.0,0.0,0.0,0.0,0.0,0.0
Chandigarh,055,Chandigarh,04,0.0,0.0,0.0,0.0,0.0,0.0,32.0,41.5,13.5,9.3,6.9,5.6,0.0,0.0,0.0,0.0,0.0,0.0
Chandrapur,509,Maharashtra,27,12.4,5.6,5.300000000000001,6.2,8.0,4.1,17.4,12.2,13.299999999999999,8.5,7.6,4.1,26.8,23.8,28.3,12.5,6.8,4.2
Changlang,253,Arunachal Pradesh,12,11.1,12.1,15.500000000000002,12.2,15.3,7.3,11.4,13.4,13.1,12.3,14.9,7.2,0.0,0.0,0.0,0.0,0.0,0.0
Chatra,347,Jharkhand,20,9.9,4.5,16.0,6.799999999999999,6.9,3.4,10.2,6.6,16.900000000000002,7.1,6.2,3.6,0.0,0.0,0.0,0.0,0.0,0.0
Chennai,603,Tamil Nadu,33,0.0,0.0,0.0,0.0,0.0,0.0,31.3,33.6,9.600000000000001,10.0,9.3,9.7,31.3,33.6,9.600000000000001,10.0,9.3,9.7
Chhatarpur,425,Madhya Pradesh,23,6.4,6.5,9.5,7.1,12.2,4.9,6.7,10.4,11.1,8.200000000000001,10.1,5.3,0.0,0.0,0.0,0.0,0.0,0.0
Chhindwara,455,Madhya Pradesh,23,8.9,11.3,4.2,6.2,9.3,4.1,12.0,14.0,5.6,5.9,8.4,4.7,0.0,0.0,0.0,0.0,0.0,0.0
Chikkaballapura,582,Karnataka,29,16.8,15.8,21.0,7.6000000000000005,5.0,5.8,20.8,22.9,20.0,7.3,5.6,6.6,0.0,0.0,0.0,0.0,0.0,0.0
Chikmagalur,570,Karnataka,29,13.8,20.5,9.6,12.5,10.4,8.6,16.9,23.5,12.7,12.5,10.0,8.3,0.0,0.0,0.0,0.0,0.0,0.0
Chirang,320,Assam,18,13.7,15.3,28.7,23.3,7.3,5.5,14.7,15.6,28.0,22.4,7.1,5.9,0.0,0.0,0.0,0.0,0.0,0.0
Chitradurga,566,Karnataka,29,18.8,10.2,11.5,8.1,7.5,3.9,20.2,13.1,13.1,9.1,7.2,5.1,0.0,0.0,0.0,0.0,0.0,0.0
Chitrakoot,171,Uttar Pradesh,09,1.1,6.0,3.7,3.0000000000000004,5.5,2.1,3.5,7.3,5.6,3.1,5.4,2.4,0.0,0.0,0.0,0.0,0.0,0.0
Chittaurgarh,126,Rajasthan,08,6.1,13.9,7.4,8.1,5.4,2.9,12.8,17.6,11.3,9.0,5.5,3.9,0.0,0.0,0.0,0.0,0.0,0.0
Chittoor,554,Andhra Pradesh,28,25.6,22.2,11.600000000000001,6.6,9.1,8.1,30.8,28.5,14.4,7.799999999999999,8.9,9.0,0.0,0.0,0.0,0.0,0.0,0.0
Churachandpur,274,Manipur,14,17.1,22.0,19.4,7.8,18.8,11.0,18.7,22.5,18.7,7.8,19.1,11.0,0.0,0.0,0.0,0.0,0.0,0.0
Churu,102,Rajasthan,08,7.1,11.9,12.8,7.2,2.9,2.4,9.3,13.5,10.7,7.6000000000000005,2.5,2.6,0.0,0.0,0.0,0.0,0.0,0.0
Coimbatore,632,Tamil Nadu,33,0.0,0.0,0.0,0.0,0.0,0.0,34.8,34.4,16.099999999999998,9.6,7.8,5.5,36.0,36.6,17.400000000000002,11.2,9.0,6.0
Cuddalore,617,Tamil Nadu,33,19.3,23.6,8.700000000000001,5.0,10.1,3.9,22.1,29.0,10.5,6.4,9.9,4.9,26.9,39.4,13.7,8.7,9.7,6.9
Cuttack,381,Odisha,21,25.3,23.3,5.2,9.0,15.2,11.1,25.0,28.5,9.8,10.1,13.5,11.5,0.0,0.0,0.0,0.0,0.0,0.0
Dadra and Nagar Haveli,496,Dadra and Nagar Haveli,26,11.5,6.9,6.8,5.4,11.1,4.0,22.9,19.2,12.1,7.3999999999999995,8.7,4.7,33.8,34.2,17.0,10.0,6.5,5.7
Dakshin Bastar Dantewada,416,Chhattisgarh,22,2.8,3.1,9.4,9.8,7.0,5.2,2.2,4.9,11.899999999999999,9.5,7.4,5.1,0.0,0.0,0.0,0.0,0.0,0.0
Dakshin Dinajpur,331,West Bengal,19,8.8,10.5,7.5,12.700000000000001,7.3,5.5,11.4,12.0,8.8,11.9,7.7,5.5,0.0,0.0,0.0,0.0,0.0,0.0
Dakshina Kannada,575,Karnataka,29,17.7,21.9,16.5,12.9,7.3,5.8,20.4,26.0,14.4,13.299999999999999,9.0,5.5,23.2,30.5,12.3,13.600000000000001,10.7,5.3
Daman,495,Daman & Diu,25,0.0,0.0,0.0,0.0,0.0,0.0,30.9,31.8,7.200000000000001,7.3,9.4,5.2,30.3,32.4,7.300000000000001,6.9,9.0,5.5
Damoh,428,Madhya Pradesh,23,2.6,9.1,4.5,7.800000000000001,3.6,7.5,6.2,13.0,8.6,9.100000000000001,5.2,8.3,0.0,0.0,0.0,0.0,0.0,0.0
Darbhanga,215,Bihar,10,14.0,9.8,9.9,5.5,2.7,4.4,13.8,11.9,12.4,5.5,2.4,4.7,0.0,0.0,0.0,0.0,0.0,0.0
Darjiling,327,West Bengal,19,18.6,18.4,20.099999999999998,13.0,10.4,3.1,21.1,23.6,24.8,14.200000000000001,7.7,3.8,24.7,32.4,31.7,16.0,3.6,4.9
Darrang,325,Assam,18,5.3,9.1,12.3,11.6,9.1,5.2,5.6,9.6,12.799999999999999,11.8,9.1,5.5,0.0,0.0,0.0,0.0,0.0,0.0
Datia,422,Madhya Pradesh,23,2.6,7.2,3.9000000000000004,3.8,3.8,3.2,3.5,10.0,4.7,4.1,4.1,3.7,0.0,0.0,0.0,0.0,0.0,0.0
Dausa,109,Rajasthan,08,6.1,8.2,13.200000000000001,6.8999999999999995,6.7,2.7,9.6,10.2,12.5,7.3,7.2,2.5,0.0,0.0,0.0,0.0,0.0,0.0
Davanagere,567,Karnataka,29,15.2,21.7,14.999999999999998,12.9,11.9,5.2,20.1,25.8,16.099999999999998,13.600000000000001,13.2,6.5,29.5,32.7,17.9,14.6,15.5,8.8
Debagarh,373,Odisha,21,8.1,9.5,22.6,12.5,8.5,5.5,10.8,10.8,22.700000000000003,13.1,9.6,5.6,0.0,0.0,0.0,0.0,0.0,0.0
Dehradun,060,Uttarakhand,05,18.4,24.4,15.500000000000002,8.5,3.4,6.3,21.6,24.4,17.6,9.1,8.5,5.7,23.1,24.4,18.7,9.4,11.0,5.4
Deoghar,350,Jharkhand,20,6.5,4.3,11.0,6.9,12.0,7.4,11.7,7.7,16.3,8.1,9.2,7.7,0.0,0.0,0.0,0.0,0.0,0.0
Deoria,190,Uttar Pradesh,09,12.0,16.1,19.599999999999998,9.4,6.4,7.1,13.1,17.3,18.8,9.2,6.2,7.3,0.0,0.0,0.0,0.0,0.0,0.0
Dewas,437,Madhya Pradesh,23,14.4,10.5,19.1,8.7,4.8,3.5,16.8,14.6,16.6,9.0,6.5,4.9,0.0,0.0,0.0,0.0,0.0,0.0
Dhalai,291,Tripura,16,13.8,12.3,7.9,7.5,9.0,5.1,15.4,13.5,9.3,7.8999999999999995,9.1,5.2,0.0,0.0,0.0,0.0,0.0,0.0
Dhamtari,412,Chhattisgarh,22,6.5,7.3,7.4,7.8,10.9,5.2,6.8,10.0,8.7,7.7,11.6,4.8,0.0,0.0,0.0,0.0,0.0,0.0
Dhanbad,354,Jharkhand,20,7.3,6.8,7.8999999999999995,6.300000000000001,7.9,6.7,10.5,14.7,8.6,6.5,7.9,6.3,12.7,19.9,8.9,6.5,7.9,6.0
Dhar,438,Madhya Pradesh,23,10.0,8.9,13.600000000000001,9.299999999999999,4.9,4.5,12.7,12.1,10.2,9.2,3.8,4.9,0.0,0.0,0.0,0.0,0.0,0.0
Dharmapuri,630,Tamil Nadu,33,22.4,23.3,13.0,8.4,7.7,7.5,22.3,25.4,13.2,10.599999999999998,7.5,8.2,0.0,0.0,0.0,0.0,0.0,0.0
Dharwad,562,Karnataka,29,18.2,18.4,18.599999999999998,10.8,8.1,5.1,30.3,29.4,21.3,10.999999999999998,8.7,8.6,39.3,37.2,23.299999999999997,11.1,9.1,11.0
Dhaulpur,106,Rajasthan,08,9.2,6.3,5.7,4.0,6.2,2.2,9.5,10.3,7.0,4.2,5.7,2.5,0.0,0.0,0.0,0.0,0.0,0.0
Dhemaji,308,Assam,18,11.3,11.9,19.2,16.900000000000002,9.8,6.0,13.5,12.4,20.000000000000004,17.3,10.3,6.4,0.0,0.0,0.0,0.0,0.0,0.0
Dhenkanal,383,Odisha,21,11.9,15.0,11.5,12.1,16.2,8.6,16.2,18.8,12.4,11.600000000000001,16.3,8.7,0.0,0.0,0.0,0.0,0.0,0.0
Dhubri,301,Assam,18,15.1,6.1,8.5,12.500000000000002,3.8,2.7,16.2,9.4,8.5,13.7,3.5,3.2,0.0,0.0,0.0,0.0,0.0,0.0
Dhule,498,Maharashtra,27,16.7,9.3,19.4,9.0,8.2,5.1,16.9,14.0,21.099999999999998,8.9,7.7,5.7,0.0,0.0,0.0,0.0,0.0,0.0
Dibang Valley,257,Arunachal Pradesh,12,17.5,25.8,26.400000000000002,21.299999999999997,5.3,7.7,17.5,25.8,26.400000000000002,21.299999999999997,5.3,7.7,0.0,0.0,0.0,0.0,0.0,0.0
Dibrugarh,310,Assam,18,13.4,10.6,24.5,15.7,7.3,4.0,15.1,14.9,23.400000000000002,16.8,7.2,4.5,0.0,0.0,0.0,0.0,0.0,0.0
Dima Hasao,315,Assam,18,4.8,9.3,19.2,13.6,7.0,4.4,11.3,14.5,19.6,12.8,4.6,5.0,0.0,0.0,0.0,0.0,0.0,0.0
Dimapur,265,Nagaland,13,16.1,22.0,20.799999999999997,14.3,6.9,7.6,13.7,22.6,24.2,15.0,9.3,6.6,12.0,23.0,26.9,15.6,11.1,5.8
Dindigul,612,Tamil Nadu,33,26.0,22.0,14.200000000000001,8.3,3.9,5.3,24.4,26.0,14.9,8.2,5.6,6.3,21.3,32.5,16.099999999999998,8.1,8.9,8.1
Dindori,453,Madhya Pradesh,23,5.0,4.0,9.7,9.9,7.5,5.5,4.5,4.8,10.7,9.8,6.7,5.4,0.0,0.0,0.0,0.0,0.0,0.0
Diu,494,Daman & Diu,25,35.0,28.4,11.2,6.500000000000001,5.9,6.5,28.8,31.0,10.899999999999999,7.199999999999999,4.6,6.3,19.1,34.3,10.7,8.4,2.6,6.2
Doda,016,Jammu & Kashmir,01,13.8,17.0,12.4,12.000000000000002,3.0,3.2,15.7,18.7,12.399999999999999,12.500000000000002,3.1,3.2,0.0,0.0,0.0,0.0,0.0,0.0
Dohad,485,Gujarat,24,7.4,4.4,13.900000000000002,11.5,1.9,6.5,8.9,9.8,15.0,11.9,1.5,7.4,0.0,0.0,0.0,0.0,0.0,0.0
Dumka,362,Jharkhand,20,8.5,2.5,9.9,9.1,7.7,4.5,8.3,4.1,9.7,9.1,7.7,4.7,0.0,0.0,0.0,0.0,0.0,0.0
Dungarpur,124,Rajasthan,08,6.0,4.7,11.2,5.1,5.4,4.4,5.7,6.2,11.0,5.2,5.0,4.6,0.0,0.0,0.0,0.0,0.0,0.0
Durg,409,Chhattisgarh,22,7.3,11.1,7.1000000000000005,6.3,10.2,7.8,13.8,18.6,14.200000000000001,7.6,11.7,8.1,23.7,29.1,24.8,9.4,14.0,8.7
East,093,NCT Delhi,07,0.0,0.0,0.0,0.0,0.0,0.0,36.0,43.7,16.1,11.6,10.3,5.6,36.0,43.7,16.1,11.6,10.3,5.6
East District,244,Sikkim,11,27.7,26.5,26.7,18.8,5.4,6.7,36.8,30.8,28.0,19.099999999999998,8.2,7.4,44.3,34.3,29.2,19.2,10.6,7.9
East Garo Hills,294,Meghalaya,17,7.1,9.1,11.600000000000001,15.399999999999999,2.6,3.8,8.2,8.7,12.6,14.9,2.2,3.8,0.0,0.0,0.0,0.0,0.0,0.0
East Godavari,545,Andhra Pradesh,28,24.7,32.2,24.0,12.299999999999999,10.4,4.6,28.0,36.4,22.299999999999997,12.299999999999999,12.9,7.1,0.0,0.0,0.0,0.0,0.0,0.0
East Kameng,247,Arunachal Pradesh,12,15.1,15.0,21.6,15.7,10.7,4.1,17.3,16.9,14.7,13.0,10.9,4.8,0.0,0.0,0.0,0.0,0.0,0.0
East Khasi Hills,298,Meghalaya,17,0.0,11.1,7.1,8.2,9.7,5.7,8.2,16.7,10.999999999999998,8.7,11.1,5.4,18.1,21.4,15.6,9.1,12.9,5.2
East Siang,251,Arunachal Pradesh,12,32.2,22.8,36.599999999999994,16.5,10.4,10.1,38.2,22.5,31.7,19.099999999999998,9.1,8.1,0.0,0.0,0.0,0.0,0.0,0.0
Ernakulam,595,Kerala,32,41.3,35.3,12.8,8.4,13.0,10.1,38.9,34.5,9.2,8.200000000000001,17.0,8.7,37.7,34.1,7.3999999999999995,8.200000000000001,18.9,8.0
Erode,610,Tamil Nadu,33,14.1,25.1,22.599999999999998,10.0,14.5,5.2,24.1,27.4,20.4,9.299999999999999,13.0,5.1,33.0,29.4,18.400000000000002,8.6,11.6,5.1
Etah,201,Uttar Pradesh,09,8.7,14.3,9.600000000000001,4.6,3.5,1.7,11.0,17.4,9.9,5.7,3.8,2.1,0.0,0.0,0.0,0.0,0.0,0.0
Etawah,161,Uttar Pradesh,09,8.1,15.7,15.799999999999999,8.3,5.5,3.6,12.5,18.5,13.600000000000001,7.8,5.3,4.2,0.0,0.0,0.0,0.0,0.0,0.0
Faizabad,177,Uttar Pradesh,09,10.1,13.4,9.4,7.1000000000000005,2.5,3.4,11.4,14.9,10.6,7.6000000000000005,3.0,3.2,0.0,0.0,0.0,0.0,0.0,0.0
Faridabad,088,Haryana,06,0.0,0.0,0.0,0.0,0.0,0.0,18.8,23.7,15.999999999999998,11.1,9.4,6.4,19.4,25.0,13.3,11.7,8.5,6.3
Faridkot,045,Punjab,03,11.8,26.6,29.9,8.9,0.8,6.3,13.1,24.5,27.9,9.7,3.0,6.6,18.1,18.4,20.0,12.0,11.3,7.5
Farrukhabad,159,Uttar Pradesh,09,10.8,11.9,10.6,8.4,5.8,3.7,13.2,15.3,9.799999999999999,10.0,6.0,3.9,0.0,0.0,0.0,0.0,0.0,0.0
Fatehabad,078,Haryana,06,17.7,13.5,14.2,14.4,5.4,3.0,17.8,15.1,26.099999999999998,14.799999999999999,4.0,3.9,0.0,0.0,0.0,0.0,0.0,0.0
Fatehgarh Sahib,040,Punjab,03,39.0,40.0,25.700000000000003,14.8,10.3,5.8,36.5,41.0,23.4,13.9,9.2,6.0,30.3,43.4,17.3,11.9,6.5,6.3
Fatehpur,172,Uttar Pradesh,09,8.0,9.4,1.7000000000000002,5.2,4.5,2.2,9.0,10.0,2.2,5.8,4.6,2.2,0.0,0.0,0.0,0.0,0.0,0.0
Firozabad,147,Uttar Pradesh,09,9.8,10.1,6.0,5.2,6.3,3.9,11.8,15.6,7.3,6.6000000000000005,6.3,4.0,14.4,24.2,8.7,8.700000000000001,6.3,4.2
Firozpur,043,Punjab,03,25.7,25.8,27.299999999999997,14.399999999999999,13.3,8.2,25.1,27.5,26.5,14.3,13.4,8.2,0.0,0.0,0.0,0.0,0.0,0.0
Gadag,561,Karnataka,29,16.8,8.7,18.0,8.399999999999999,4.5,1.9,24.2,11.7,21.700000000000003,7.1,6.4,3.6,34.8,15.7,26.900000000000002,5.5,9.0,5.9
Gadchiroli,508,Maharashtra,27,10.7,6.3,9.1,7.0,4.1,3.9,11.0,6.5,10.6,6.9,4.4,4.0,0.0,0.0,0.0,0.0,0.0,0.0
Gajapati,389,Odisha,21,12.9,8.1,11.1,4.8999999999999995,5.3,5.7,13.7,11.2,10.700000000000001,5.3999999999999995,4.8,6.0,0.0,0.0,0.0,0.0,0.0,0.0
Ganderbal,011,Jammu & Kashmir,01,15.3,31.1,18.2,12.8,4.9,5.6,18.4,33.8,22.9,13.3,5.7,5.6,0.0,0.0,0.0,0.0,0.0,0.0
Gandhinagar,473,Gujarat,24,17.4,15.1,14.9,10.9,9.7,4.9,19.2,22.1,17.4,12.6,7.1,4.7,20.9,30.0,19.8,14.5,4.8,4.5
Ganganagar,099,Rajasthan,08,24.0,19.0,12.1,8.4,4.2,6.3,24.4,20.5,14.5,8.0,4.4,5.3,0.0,0.0,0.0,0.0,0.0,0.0
Ganjam,388,Odisha,21,10.0,18.2,5.6,5.8999999999999995,9.9,7.6,16.4,20.9,8.700000000000001,6.6,10.9,7.7,0.0,0.0,0.0,0.0,0.0,0.0
Garhwa,346,Jharkhand,20,9.1,7.3,11.6,5.3,2.5,2.5,9.7,7.5,13.100000000000001,5.7,3.4,2.7,0.0,0.0,0.0,0.0,0.0,0.0
Garhwal,061,Uttarakhand,05,12.4,16.6,24.099999999999998,7.6,5.9,7.9,14.0,17.5,21.2,8.3,5.4,7.1,0.0,0.0,0.0,0.0,0.0,0.0
Gautam Buddha Nagar,141,Uttar Pradesh,09,18.8,25.5,9.4,5.9,6.1,3.5,23.9,29.8,12.0,7.3,8.6,4.7,26.8,31.9,13.3,7.8999999999999995,9.9,5.3
Gaya,236,Bihar,10,17.1,9.6,11.3,7.6,4.8,3.8,17.9,11.1,10.4,7.3999999999999995,5.1,4.0,0.0,0.0,0.0,0.0,0.0,0.0
Ghaziabad,140,Uttar Pradesh,09,14.6,25.0,4.0,6.3999999999999995,7.9,5.3,23.6,30.2,12.1,7.6000000000000005,8.5,6.6,26.1,32.1,14.299999999999999,7.8999999999999995,8.6,7.1
Ghazipur,195,Uttar Pradesh,09,16.6,11.8,12.4,7.300000000000001,4.6,4.1,19.4,13.4,11.6,7.4,5.8,4.3,0.0,0.0,0.0,0.0,0.0,0.0
Giridih,349,Jharkhand,20,4.2,5.2,12.0,5.8999999999999995,3.9,3.5,10.8,7.0,12.6,6.2,5.5,3.8,0.0,0.0,0.0,0.0,0.0,0.0
Goalpara,302,Assam,18,12.3,9.6,11.5,14.600000000000001,5.0,2.7,13.4,11.6,15.7,15.500000000000002,4.3,3.1,0.0,0.0,0.0,0.0,0.0,0.0
Godda,351,Jharkhand,20,7.6,6.0,21.299999999999997,8.9,12.2,4.8,7.2,6.9,19.900000000000002,8.9,11.4,4.9,0.0,0.0,0.0,0.0,0.0,0.0
Golaghat,313,Assam,18,11.8,11.8,19.5,18.200000000000003,14.7,5.9,13.6,12.8,20.4,17.7,13.8,6.6,0.0,0.0,0.0,0.0,0.0,0.0
Gonda,183,Uttar Pradesh,09,5.5,12.1,22.400000000000002,14.8,10.8,9.5,7.1,12.7,21.7,14.8,10.0,9.0,0.0,0.0,0.0,0.0,0.0,0.0
Gondiya,507,Maharashtra,27,7.1,4.8,15.4,12.6,9.0,4.5,9.5,6.8,16.7,12.2,10.4,4.6,0.0,0.0,0.0,0.0,0.0,0.0
Gopalganj,217,Bihar,10,20.0,16.4,12.4,7.7,3.2,6.1,22.2,16.1,11.9,7.300000000000001,3.1,5.9,0.0,0.0,0.0,0.0,0.0,0.0
Gorakhpur,188,Uttar Pradesh,09,18.5,15.1,13.8,9.8,9.4,6.3,17.8,20.0,16.1,9.9,9.2,7.1,0.0,0.0,0.0,0.0,0.0,0.0
Gulbarga,579,Karnataka,29,19.7,10.3,25.299999999999997,8.4,6.7,3.6,18.8,14.8,24.4,7.7,8.5,3.6,17.2,20.9,22.8,6.9,11.8,3.6
Gumla,366,Jharkhand,20,7.9,5.4,6.200000000000001,7.8999999999999995,5.1,3.5,8.2,7.6,7.3,7.9,4.8,3.5,0.0,0.0,0.0,0.0,0.0,0.0
Guna,458,Madhya Pradesh,23,4.3,6.8,7.9,6.3999999999999995,1.9,1.8,5.8,10.9,8.0,7.1,3.0,2.8,0.0,0.0,0.0,0.0,0.0,0.0
Guntur,548,Andhra Pradesh,28,32.8,38.8,10.399999999999999,11.0,19.6,7.7,39.0,45.1,11.5,11.2,19.0,9.3,48.1,55.2,13.2,11.3,18.1,12.1
Gurdaspur,035,Punjab,03,16.8,28.8,13.899999999999999,12.299999999999999,2.8,6.4,22.1,31.6,15.0,13.8,5.3,7.5,0.0,0.0,0.0,0.0,0.0,0.0
Gurgaon,086,Haryana,06,22.0,20.1,23.099999999999998,9.8,8.8,6.7,21.8,20.2,20.4,7.8,9.5,6.5,21.7,20.2,19.5,7.300000000000001,9.7,6.4
Gwalior,421,Madhya Pradesh,23,5.7,6.7,8.6,4.1,4.6,2.2,11.1,14.1,10.799999999999999,5.0,5.7,3.6,14.1,17.5,12.1,5.5,6.3,4.2
Hailakandi,318,Assam,18,6.6,6.1,9.599999999999998,9.5,3.7,3.7,6.9,7.4,9.5,10.200000000000001,3.9,4.3,0.0,0.0,0.0,0.0,0.0,0.0
Hamirpur,028,Himachal Pradesh,02,30.5,30.4,34.2,15.299999999999999,7.7,6.1,31.5,30.9,34.1,15.5,7.0,5.8,0.0,0.0,0.0,0.0,0.0,0.0
Hamirpur,168,Uttar Pradesh,09,6.3,4.4,5.4,3.3,6.4,2.3,6.1,6.7,7.2,4.1,5.2,2.2,0.0,0.0,0.0,0.0,0.0,0.0
Hanumangarh,100,Rajasthan,08,11.5,13.2,22.4,9.200000000000001,8.6,3.7,12.1,14.8,22.400000000000002,9.5,7.8,3.7,0.0,0.0,0.0,0.0,0.0,0.0
Haora,341,West Bengal,19,11.6,20.6,13.3,17.099999999999998,16.8,7.8,17.0,25.9,8.3,14.5,15.3,7.1,20.5,29.2,5.1,12.9,14.3,6.6
Harda,448,Madhya Pradesh,23,10.4,11.7,12.100000000000001,9.1,8.8,5.0,12.4,16.3,13.2,8.2,8.2,5.0,0.0,0.0,0.0,0.0,0.0,0.0
Hardoi,155,Uttar Pradesh,09,2.2,9.2,7.4,7.1000000000000005,6.1,3.6,4.1,12.2,6.5,7.6,6.9,4.3,0.0,0.0,0.0,0.0,0.0,0.0
Hardwar,068,Uttarakhand,05,15.8,17.3,12.8,9.299999999999999,7.9,6.6,19.3,24.0,16.3,10.5,9.7,6.5,25.1,32.5,22.2,12.0,12.7,6.2
Hassan,574,Karnataka,29,26.3,22.0,17.200000000000003,11.7,3.1,6.8,28.7,27.9,16.099999999999998,12.5,6.8,8.8,0.0,0.0,0.0,0.0,0.0,0.0
Haveri,564,Karnataka,29,11.8,16.7,3.6999999999999997,10.4,6.8,4.8,15.0,19.6,6.0,10.899999999999999,5.4,5.1,0.0,0.0,0.0,0.0,0.0,0.0
Hazaribagh,360,Jharkhand,20,14.3,7.7,11.5,5.1000000000000005,8.9,3.6,12.1,9.5,12.6,5.800000000000001,9.7,4.2,0.0,0.0,0.0,0.0,0.0,0.0
Hingoli,512,Maharashtra,27,4.6,10.9,14.899999999999999,11.1,6.3,3.8,7.4,13.9,15.7,11.100000000000001,6.9,4.4,0.0,0.0,0.0,0.0,0.0,0.0
Hisar,080,Haryana,06,19.4,15.6,15.1,8.299999999999999,6.9,3.0,20.7,17.8,19.200000000000003,9.799999999999999,5.4,3.0,23.0,22.3,26.599999999999998,12.999999999999998,2.6,3.0
Hoshangabad,449,Madhya Pradesh,23,3.7,10.7,6.5,7.000000000000001,6.9,2.6,7.8,14.7,6.5,7.6,6.5,3.0,15.8,23.0,6.6,8.9,5.9,3.9
Hoshiarpur,038,Punjab,03,24.4,31.2,19.4,13.200000000000001,1.9,7.4,23.6,31.0,20.0,13.8,2.3,8.0,0.0,0.0,0.0,0.0,0.0,0.0
Hugli,338,West Bengal,19,17.6,28.1,12.5,12.9,12.8,10.7,17.2,29.9,11.799999999999999,13.4,12.1,9.8,16.6,33.4,10.8,14.299999999999999,11.0,8.1
Hyderabad,536,Telangana,28,0.0,0.0,0.0,0.0,0.0,0.0,33.7,47.9,24.1,12.3,8.3,9.0,33.7,47.9,24.1,12.3,8.3,9.0
Idukki,596,Kerala,32,25.1,27.6,7.1,4.9,15.0,9.4,26.2,28.9,7.0,5.199999999999999,14.6,9.5,0.0,0.0,0.0,0.0,0.0,0.0
Imphal East,278,Manipur,14,24.8,28.6,21.900000000000002,11.799999999999999,9.6,6.8,22.2,30.8,22.400000000000002,12.0,11.3,8.0,18.3,33.4,23.1,12.1,13.9,9.3
Imphal West,277,Manipur,14,22.9,25.5,11.3,13.700000000000001,10.4,8.7,23.4,30.7,20.0,14.200000000000001,9.5,9.1,23.7,33.6,25.2,14.599999999999998,9.0,9.4
Indore,439,Madhya Pradesh,23,0.0,0.0,0.0,0.0,0.0,0.0,22.3,23.6,13.6,6.9,7.8,5.4,21.4,24.3,15.399999999999999,7.3999999999999995,8.6,6.1
Jabalpur,451,Madhya Pradesh,23,9.8,10.8,9.399999999999999,7.699999999999999,7.2,4.7,15.3,21.0,12.6,8.4,8.0,5.3,20.1,28.2,15.399999999999999,8.899999999999999,8.7,5.7
Jagatsinghapur,380,Odisha,21,26.0,25.2,18.8,8.9,15.8,6.5,28.3,25.7,18.400000000000002,8.8,14.8,6.4,0.0,0.0,0.0,0.0,0.0,0.0
Jaintia Hills,299,Meghalaya,17,6.7,10.1,7.6000000000000005,7.6000000000000005,5.1,4.0,7.4,10.4,9.7,7.5,4.5,4.1,0.0,0.0,0.0,0.0,0.0,0.0
Jaipur,110,Rajasthan,08,10.2,12.0,17.4,9.1,4.8,3.2,14.6,17.4,19.1,9.700000000000001,6.2,3.0,18.6,22.8,20.7,10.299999999999999,7.5,2.9
Jaisalmer,114,Rajasthan,08,9.1,10.5,10.8,4.8999999999999995,3.6,1.8,9.7,12.8,10.5,4.6,3.1,1.9,0.0,0.0,0.0,0.0,0.0,0.0
Jajapur,382,Odisha,21,8.0,17.1,12.6,8.8,9.4,8.4,9.4,17.5,12.700000000000001,8.5,9.8,8.5,0.0,0.0,0.0,0.0,0.0,0.0
Jalandhar,037,Punjab,03,34.4,28.6,17.599999999999998,13.8,7.2,7.4,27.0,26.9,18.4,10.5,6.8,5.7,20.9,25.5,19.1,7.7,6.5,4.2
Jalaun,165,Uttar Pradesh,09,8.9,9.1,8.1,3.6,3.7,2.2,9.4,11.2,6.8,4.2,3.6,2.8,0.0,0.0,0.0,0.0,0.0,0.0
Jalgaon,499,Maharashtra,27,15.3,20.0,17.2,10.5,1.7,4.2,19.5,23.8,18.0,9.700000000000001,3.6,4.5,28.9,33.1,20.0,7.6000000000000005,7.9,5.1
Jalna,514,Maharashtra,27,15.1,12.1,13.5,9.4,2.9,2.2,20.3,15.5,15.600000000000001,9.7,2.2,2.5,0.0,0.0,0.0,0.0,0.0,0.0
Jalor,116,Rajasthan,08,9.7,8.2,7.5,5.7,6.9,4.0,9.6,9.3,8.6,6.2,6.1,3.8,0.0,0.0,0.0,0.0,0.0,0.0
Jalpaiguri,328,West Bengal,19,9.6,9.6,19.1,17.3,5.9,5.4,10.6,14.8,22.900000000000002,18.099999999999998,6.1,6.3,0.0,0.0,0.0,0.0,0.0,0.0
Jammu,021,Jammu & Kashmir,01,21.2,29.6,15.3,12.200000000000001,9.6,6.2,28.4,36.9,19.099999999999998,13.200000000000001,11.5,7.5,36.3,45.0,23.2,14.4,13.7,9.0
Jamnagar,477,Gujarat,24,29.6,21.3,7.0,4.7,4.3,5.7,21.1,29.4,4.9,6.1,5.8,6.0,14.1,37.9,3.2,7.5,7.1,6.4
Jamtara,363,Jharkhand,20,7.4,4.3,6.9,7.300000000000001,8.1,5.0,8.6,6.1,7.7,7.6000000000000005,9.7,5.5,0.0,0.0,0.0,0.0,0.0,0.0
Jamui,238,Bihar,10,11.7,6.9,6.6,4.5,3.7,2.9,11.6,7.0,7.5,4.3,3.8,2.9,0.0,0.0,0.0,0.0,0.0,0.0
Janjgir Champa,405,Chhattisgarh,22,6.4,12.5,12.899999999999999,7.1,9.2,7.1,7.4,13.9,13.1,7.1,8.9,7.3,0.0,0.0,0.0,0.0,0.0,0.0
Jashpur,402,Chhattisgarh,22,5.9,7.5,15.0,12.7,10.6,4.3,8.3,8.2,16.4,12.4,11.0,4.4,0.0,0.0,0.0,0.0,0.0,0.0
Jaunpur,194,Uttar Pradesh,09,13.0,14.1,7.699999999999999,4.9,3.5,3.7,16.1,14.7,10.1,5.2,4.4,3.9,0.0,0.0,0.0,0.0,0.0,0.0
Jehanabad,239,Bihar,10,10.2,9.5,7.6,4.5,4.4,5.2,11.4,10.9,9.6,4.4,5.9,5.1,0.0,0.0,0.0,0.0,0.0,0.0
Jhabua,464,Madhya Pradesh,23,7.0,9.1,10.0,8.700000000000001,8.8,4.8,6.4,9.9,12.8,9.1,8.4,5.0,0.0,0.0,0.0,0.0,0.0,0.0
Jhajjar,083,Haryana,06,18.1,23.5,22.7,8.6,5.4,6.0,14.4,21.6,19.5,8.4,5.2,5.2,0.0,0.0,0.0,0.0,0.0,0.0
Jhalawar,129,Rajasthan,08,5.6,7.2,9.3,5.1,10.3,4.4,9.0,8.6,9.9,5.2,10.1,4.3,0.0,0.0,0.0,0.0,0.0,0.0
Jhansi,166,Uttar Pradesh,09,3.0,9.6,6.2,3.8999999999999995,3.8,3.6,9.9,16.0,8.4,5.6,4.2,4.5,16.1,23.7,10.6,7.6000000000000005,4.6,5.6
Jharsuguda,371,Odisha,21,7.3,10.5,8.1,6.8,12.1,8.4,16.0,18.6,8.7,7.0,11.2,8.4,30.0,30.6,9.6,7.4,9.7,8.3
Jhunjhunun,103,Rajasthan,08,16.3,16.1,15.5,6.8999999999999995,3.3,2.2,17.1,17.3,14.299999999999999,8.1,2.4,2.4,0.0,0.0,0.0,0.0,0.0,0.0
Jind,077,Haryana,06,11.8,15.8,14.7,6.4,2.6,3.5,14.5,17.5,17.700000000000003,6.4,3.5,3.1,0.0,0.0,0.0,0.0,0.0,0.0
Jodhpur,113,Rajasthan,08,13.8,13.9,16.099999999999998,5.4,9.8,2.6,18.1,18.3,13.600000000000001,6.0,8.9,3.2,25.0,26.1,9.6,7.2,7.5,4.4
Jorhat,312,Assam,18,10.2,7.8,23.5,15.099999999999998,8.3,5.7,10.4,10.6,24.2,15.7,8.0,5.6,0.0,0.0,0.0,0.0,0.0,0.0
Junagadh,479,Gujarat,24,20.2,21.4,7.9,8.3,8.3,5.3,21.3,25.5,9.100000000000001,8.3,9.5,5.1,23.4,34.5,11.6,8.4,11.9,4.7
Jyotiba Phule Nagar,137,Uttar Pradesh,09,7.9,13.7,10.5,5.2,6.6,6.2,10.5,16.9,12.1,5.8,7.6,6.2,0.0,0.0,0.0,0.0,0.0,0.0
Kabirdham,407,Chhattisgarh,22,10.0,7.5,9.1,6.2,7.8,7.1,8.8,8.8,12.299999999999999,6.800000000000001,7.7,7.8,0.0,0.0,0.0,0.0,0.0,0.0
Kachchh,468,Gujarat,24,20.8,19.8,9.5,3.9,6.4,4.7,20.4,19.9,9.3,4.2,5.5,4.5,19.7,20.3,8.9,4.999999999999999,4.0,4.1
Kaimur,233,Bihar,10,12.2,11.6,6.3,5.5,5.6,5.8,15.5,13.7,6.5,5.3999999999999995,5.9,6.3,0.0,0.0,0.0,0.0,0.0,0.0
Kaithal,073,Haryana,06,25.4,22.0,19.3,8.0,5.5,5.1,25.0,25.3,14.9,8.700000000000001,5.6,4.8,0.0,0.0,0.0,0.0,0.0,0.0
Kalahandi,395,Odisha,21,8.6,7.4,6.6000000000000005,6.4,7.6,4.3,14.1,9.6,9.5,6.8999999999999995,8.4,4.3,0.0,0.0,0.0,0.0,0.0,0.0
Kamrup,321,Assam,18,14.4,13.3,10.799999999999999,12.5,2.2,4.2,12.3,14.6,10.5,12.700000000000001,2.8,4.0,0.0,0.0,0.0,0.0,0.0,0.0
Kamrup Metropolitan,322,Assam,18,0.0,0.0,0.0,0.0,0.0,0.0,26.5,26.3,16.1,12.5,4.3,6.5,29.7,27.5,12.0,12.8,4.5,6.9
Kancheepuram,604,Tamil Nadu,33,22.1,33.5,10.899999999999999,8.9,6.8,6.8,28.3,39.2,13.7,7.9,8.0,6.4,31.0,42.4,14.8,7.4,8.5,6.2
Kandhamal,390,Odisha,21,5.7,6.8,3.8,5.1000000000000005,5.8,3.6,7.0,8.2,4.0,5.3,6.6,3.5,0.0,0.0,0.0,0.0,0.0,0.0
Kangra,024,Himachal Pradesh,02,21.6,27.7,21.6,13.399999999999999,7.6,7.5,20.5,28.2,19.7,13.1,6.9,7.3,0.0,0.0,0.0,0.0,0.0,0.0
Kannauj,160,Uttar Pradesh,09,3.7,11.7,10.5,6.3,4.4,2.8,10.1,13.5,8.9,7.3999999999999995,5.7,2.8,0.0,0.0,0.0,0.0,0.0,0.0
Kanniyakumari,629,Tamil Nadu,33,0.0,0.0,0.0,0.0,0.0,0.0,34.6,42.5,23.0,7.9,12.5,9.3,34.6,42.4,25.8,8.2,15.5,10.1
Kannur,589,Kerala,32,34.4,33.4,15.6,6.0,24.6,12.2,30.1,30.1,16.4,7.000000000000001,15.0,7.5,26.8,28.4,16.9,7.500000000000001,7.0,4.7
Kanpur Dehat,163,Uttar Pradesh,09,2.3,10.4,4.6,3.5,3.8,2.0,4.6,11.5,5.2,3.5,3.4,2.3,0.0,0.0,0.0,0.0,0.0,0.0
Kanpur Nagar,164,Uttar Pradesh,09,10.1,10.4,6.800000000000001,5.1,3.9,3.0,16.4,16.9,9.1,5.9,3.6,3.2,19.1,19.4,10.0,6.2,3.5,3.2
Kanshiram Nagar,202,Uttar Pradesh,09,7.2,10.9,6.1,4.8999999999999995,3.9,2.1,8.4,13.4,7.2,6.1,3.4,2.5,0.0,0.0,0.0,0.0,0.0,0.0
Kapurthala,036,Punjab,03,32.4,41.9,17.799999999999997,9.4,16.5,6.7,31.6,38.8,17.599999999999998,9.4,14.7,7.7,30.0,33.2,17.3,9.399999999999999,11.4,9.5
Karaikal,637,Puducherry,34,26.8,32.2,25.1,7.4,19.8,10.0,38.4,38.6,25.2,8.2,12.1,9.5,51.3,44.7,25.299999999999997,8.899999999999999,3.6,9.0
Karauli,107,Rajasthan,08,6.2,8.0,10.9,6.6000000000000005,3.7,3.1,7.5,10.2,13.2,7.7,4.5,3.1,0.0,0.0,0.0,0.0,0.0,0.0
Karbi Anglong,314,Assam,18,10.3,12.5,17.799999999999997,17.099999999999998,9.4,4.1,11.2,13.8,19.3,17.1,8.8,4.3,0.0,0.0,0.0,0.0,0.0,0.0
Kargil,004,Jammu & Kashmir,01,10.3,11.2,8.4,6.5,0.7,1.0,10.9,13.6,6.9,5.699999999999999,2.1,1.0,0.0,0.0,0.0,0.0,0.0,0.0
Karimganj,317,Assam,18,7.4,9.2,16.599999999999998,11.900000000000002,3.2,5.0,11.8,10.5,20.5,13.200000000000001,4.0,5.3,0.0,0.0,0.0,0.0,0.0,0.0
Karimnagar,534,Telangana,28,13.3,19.5,10.799999999999999,11.100000000000001,6.7,6.4,20.3,24.8,21.9,10.3,5.9,6.9,0.0,0.0,0.0,0.0,0.0,0.0
Karnal,074,Haryana,06,30.4,23.0,12.6,4.3,10.1,4.1,27.5,26.3,12.0,5.7,8.5,4.0,19.2,33.7,10.2,8.799999999999999,3.7,3.7
Karur,613,Tamil Nadu,33,24.0,22.6,22.8,5.6,14.5,6.6,26.8,31.4,21.799999999999997,7.8,14.6,7.7,30.1,43.3,20.599999999999998,10.799999999999999,14.7,9.3
Kasaragod,588,Kerala,32,18.4,23.7,9.1,10.0,9.4,9.0,24.4,27.5,7.1,7.5,9.8,7.7,32.1,33.3,4.3,3.9,10.2,5.8
Kathua,007,Jammu & Kashmir,01,15.6,23.3,14.3,7.7,7.0,4.3,19.2,24.6,14.1,8.0,7.8,4.3,0.0,0.0,0.0,0.0,0.0,0.0
Katihar,212,Bihar,10,5.5,6.1,6.800000000000001,5.1,5.4,5.2,6.3,8.0,6.5,4.9,5.3,5.2,0.0,0.0,0.0,0.0,0.0,0.0
Katni,450,Madhya Pradesh,23,10.0,11.1,11.3,10.000000000000002,8.6,10.0,14.7,16.0,12.7,9.7,8.6,9.4,0.0,0.0,0.0,0.0,0.0,0.0
Kaushambi,174,Uttar Pradesh,09,11.2,8.5,5.4,5.4,5.6,2.6,9.1,8.4,8.299999999999999,5.1000000000000005,6.1,2.5,0.0,0.0,0.0,0.0,0.0,0.0
Kendrapara,379,Odisha,21,6.4,15.7,10.799999999999999,6.4,9.0,7.6,8.9,16.4,12.1,6.9,10.5,7.6,0.0,0.0,0.0,0.0,0.0,0.0
Kendujhar,375,Odisha,21,13.8,10.6,12.399999999999999,15.399999999999999,6.5,8.5,22.9,13.9,17.7,15.399999999999999,4.6,7.8,0.0,0.0,0.0,0.0,0.0,0.0
Khagaria,223,Bihar,10,12.0,10.0,6.7,3.6,4.9,3.1,13.3,10.7,8.0,3.8,4.4,3.2,0.0,0.0,0.0,0.0,0.0,0.0
Khammam,541,Telangana,28,18.2,23.1,16.4,10.5,7.6,7.4,26.1,27.3,15.600000000000001,10.200000000000001,8.8,7.4,0.0,0.0,0.0,0.0,0.0,0.0
Khandwa (East Nimar),466,Madhya Pradesh,23,5.2,8.1,7.3,7.9,2.6,4.7,9.1,12.9,11.4,9.1,4.3,4.8,0.0,0.0,0.0,0.0,0.0,0.0
Khargone (West Nimar),440,Madhya Pradesh,23,8.9,8.1,13.6,9.7,4.8,4.5,11.7,11.3,12.600000000000001,9.8,4.5,4.7,0.0,0.0,0.0,0.0,0.0,0.0
Kheda,483,Gujarat,24,9.3,15.0,13.2,10.3,9.3,5.6,11.5,18.0,13.700000000000001,10.6,7.7,5.4,0.0,0.0,0.0,0.0,0.0,0.0
Kheri,153,Uttar Pradesh,09,5.6,7.5,8.3,10.599999999999998,5.9,3.1,6.5,8.5,9.5,10.1,5.2,3.2,0.0,0.0,0.0,0.0,0.0,0.0
Khordha,386,Odisha,21,19.7,25.7,4.8,7.8999999999999995,9.8,8.3,27.1,30.2,10.3,7.7,10.6,7.4,32.4,34.0,14.4,7.499999999999999,11.2,6.7
Khunti,365,Jharkhand,20,3.8,4.2,9.7,9.4,8.8,5.9,4.7,5.1,9.700000000000001,9.200000000000001,8.4,5.7,0.0,0.0,0.0,0.0,0.0,0.0
Kinnaur,034,Himachal Pradesh,02,22.0,27.6,20.1,9.399999999999999,6.4,3.8,22.0,27.6,20.1,9.399999999999999,6.4,3.8,0.0,0.0,0.0,0.0,0.0,0.0
Kiphire,269,Nagaland,13,7.8,8.4,22.0,12.399999999999999,7.0,5.4,8.2,9.0,21.099999999999998,13.2,9.2,5.8,0.0,0.0,0.0,0.0,0.0,0.0
Kishanganj,210,Bihar,10,7.7,5.4,11.9,7.8,10.2,4.6,7.4,6.1,13.999999999999998,7.800000000000001,13.7,4.7,0.0,0.0,0.0,0.0,0.0,0.0
Kishtwar,018,Jammu & Kashmir,01,13.3,12.8,12.3,9.1,2.8,2.5,16.1,14.5,11.900000000000002,8.7,3.0,2.6,0.0,0.0,0.0,0.0,0.0,0.0
Koch Bihar,329,West Bengal,19,9.2,7.6,16.700000000000003,11.100000000000001,5.7,7.1,9.5,9.7,17.6,11.5,6.5,7.1,0.0,0.0,0.0,0.0,0.0,0.0
Kodagu,576,Karnataka,29,24.0,23.9,11.2,12.4,8.4,7.4,24.2,26.2,10.200000000000001,12.399999999999999,7.2,7.6,0.0,0.0,0.0,0.0,0.0,0.0
Kodarma,348,Jharkhand,20,11.2,7.3,8.7,6.6,5.0,4.1,7.8,8.9,9.4,7.0,7.2,4.6,0.0,0.0,0.0,0.0,0.0,0.0
Kohima,270,Nagaland,13,19.5,18.9,27.200000000000003,20.3,6.6,7.2,22.5,20.3,29.8,18.8,12.3,7.3,23.6,21.1,30.900000000000002,17.8,14.4,7.4
Kokrajhar,300,Assam,18,12.0,10.4,27.700000000000003,18.900000000000002,5.3,6.1,13.9,11.9,28.0,19.8,7.8,6.2,0.0,0.0,0.0,0.0,0.0,0.0
Kolar,581,Karnataka,29,12.9,15.2,6.4,9.700000000000001,10.7,5.9,21.3,23.6,10.200000000000001,10.700000000000001,10.9,6.4,29.2,37.4,13.8,12.299999999999999,11.1,7.4
Kolasib,282,Mizoram,15,5.4,17.7,8.299999999999999,7.7,19.3,11.1,19.2,24.9,15.5,8.200000000000001,13.6,11.3,23.4,26.9,17.7,8.4,11.9,11.3
Kolhapur,530,Maharashtra,27,23.1,24.7,19.700000000000003,14.2,3.5,6.4,24.4,27.2,22.200000000000003,13.200000000000001,5.0,6.1,26.6,32.6,26.6,11.5,7.6,5.3
Kolkata,342,West Bengal,19,0.0,0.0,0.0,0.0,0.0,0.0,42.8,40.7,23.3,12.5,22.2,8.5,42.8,40.7,23.3,12.5,22.2,8.5
Kollam,600,Kerala,32,20.2,34.4,4.4,12.3,12.5,8.9,30.6,38.2,9.6,9.3,10.4,9.4,46.9,42.6,17.6,5.8,7.1,10.0
Koppal,560,Karnataka,29,15.0,10.5,15.4,6.5,9.4,6.5,20.2,12.0,14.1,6.999999999999999,9.3,5.4,0.0,0.0,0.0,0.0,0.0,0.0
Koraput,398,Odisha,21,8.8,6.3,13.599999999999998,9.899999999999999,8.5,5.2,18.3,10.2,13.9,10.0,12.3,5.2,0.0,0.0,0.0,0.0,0.0,0.0
Korba,404,Chhattisgarh,22,3.7,7.3,19.5,11.0,8.3,5.9,9.6,14.8,19.400000000000002,10.4,9.4,6.2,21.6,26.8,19.0,9.8,11.5,6.7
Korea,400,Chhattisgarh,22,10.1,7.1,11.5,12.4,4.2,4.2,13.6,11.1,12.600000000000001,12.1,4.1,4.5,21.5,19.6,15.0,11.7,3.9,5.1
Kota,127,Rajasthan,08,8.6,11.6,9.6,4.8,6.3,3.9,16.3,20.6,11.3,5.700000000000001,7.7,4.6,20.9,26.1,12.4,6.300000000000001,8.5,5.1
Kottayam,597,Kerala,32,24.7,29.6,4.9,7.7,12.1,10.1,33.6,31.5,5.3,7.1000000000000005,15.8,11.8,0.0,0.0,0.0,0.0,0.0,0.0
Kozhikode,591,Kerala,32,9.3,23.1,7.8,4.5,17.4,9.5,16.4,27.1,6.6,4.8999999999999995,19.6,9.9,20.4,29.5,6.0,5.1000000000000005,20.7,10.2
Krishna,547,Andhra Pradesh,28,38.6,40.9,12.100000000000001,11.099999999999998,1.8,11.2,46.6,45.5,10.6,11.2,4.9,12.5,61.3,53.9,7.6,11.100000000000001,10.9,14.9
Krishnagiri,631,Tamil Nadu,33,19.7,19.1,16.2,7.0,8.7,4.4,21.0,24.4,14.100000000000001,7.8,7.0,6.3,0.0,0.0,0.0,0.0,0.0,0.0
Kulgam,015,Jammu & Kashmir,01,13.4,30.0,12.0,15.1,5.7,4.8,15.5,31.4,12.5,14.399999999999999,6.3,5.7,0.0,0.0,0.0,0.0,0.0,0.0
Kullu,026,Himachal Pradesh,02,20.2,25.7,31.7,13.200000000000001,5.2,3.4,20.6,26.7,31.0,13.600000000000001,6.7,3.8,0.0,0.0,0.0,0.0,0.0,0.0
Kupwara,001,Jammu & Kashmir,01,12.7,16.1,8.1,9.5,3.7,5.3,15.5,20.5,6.5,9.4,6.3,5.2,0.0,0.0,0.0,0.0,0.0,0.0
Kurnool,552,Andhra Pradesh,28,26.7,20.3,16.8,9.9,1.0,5.1,31.7,24.9,17.0,9.9,2.4,5.2,0.0,0.0,0.0,0.0,0.0,0.0
Kurukshetra,072,Haryana,06,18.2,19.5,17.9,10.600000000000001,4.2,2.8,18.8,19.6,16.700000000000003,9.600000000000001,4.9,2.9,0.0,0.0,0.0,0.0,0.0,0.0
Kurung Kumey,256,Arunachal Pradesh,12,26.3,12.4,16.7,9.700000000000001,4.2,3.2,25.7,12.4,16.6,9.7,5.0,3.2,0.0,0.0,0.0,0.0,0.0,0.0
Kushinagar,189,Uttar Pradesh,09,6.7,12.5,17.7,10.500000000000002,7.0,4.1,8.5,13.6,17.900000000000002,10.4,6.4,4.1,0.0,0.0,0.0,0.0,0.0,0.0
Lahul and Spiti,025,Himachal Pradesh,02,19.4,23.4,19.099999999999998,10.3,1.9,2.7,19.4,23.4,19.099999999999998,10.3,1.9,2.7,0.0,0.0,0.0,0.0,0.0,0.0
Lakhimpur,307,Assam,18,14.2,13.4,27.1,20.0,11.9,6.8,22.8,15.5,27.5,20.5,12.6,7.1,0.0,0.0,0.0,0.0,0.0,0.0
Lakhisarai,227,Bihar,10,8.2,10.5,6.300000000000001,4.0,5.2,2.6,10.7,11.5,9.1,4.5,4.6,2.7,0.0,0.0,0.0,0.0,0.0,0.0
Lakshadweep,587,Lakshadweep,31,22.2,28.2,11.1,15.3,15.5,9.2,24.6,41.4,9.9,10.900000000000002,13.3,12.0,24.7,42.4,9.9,10.700000000000001,13.3,12.2
Lalitpur,167,Uttar Pradesh,09,3.5,6.0,6.8,4.6,4.5,5.8,5.5,8.3,10.6,5.2,5.2,5.4,0.0,0.0,0.0,0.0,0.0,0.0
Latehar,359,Jharkhand,20,9.5,6.7,13.200000000000001,7.4,7.2,2.0,11.9,7.9,12.299999999999999,7.200000000000001,7.2,2.0,0.0,0.0,0.0,0.0,0.0,0.0
Latur,524,Maharashtra,27,15.7,18.2,14.8,6.8999999999999995,5.2,3.5,17.8,19.9,15.6,7.699999999999999,6.7,3.6,0.0,0.0,0.0,0.0,0.0,0.0
Lawngtlai,287,Mizoram,15,13.8,8.8,15.899999999999999,7.300000000000001,10.6,6.3,20.9,10.2,16.5,7.4,8.0,6.8,0.0,0.0,0.0,0.0,0.0,0.0
Leh(Ladakh),003,Jammu & Kashmir,01,23.9,19.2,13.1,6.5,0.0,1.7,29.8,19.2,18.0,6.5,1.8,2.1,37.8,19.2,24.5,6.5,4.2,2.9
Lohardaga,356,Jharkhand,20,8.4,5.2,15.1,7.0,7.6,3.5,12.0,8.0,14.3,7.300000000000001,7.8,3.7,0.0,0.0,0.0,0.0,0.0,0.0
Lohit,259,Arunachal Pradesh,12,15.2,13.1,19.099999999999998,10.0,6.1,3.9,17.8,15.8,19.099999999999998,10.5,5.7,4.3,0.0,0.0,0.0,0.0,0.0,0.0
Longleng,268,Nagaland,13,5.8,6.1,17.0,17.3,8.8,6.1,6.7,6.8,15.5,17.7,11.2,7.2,0.0,0.0,0.0,0.0,0.0,0.0
Lower Dibang Valley,258,Arunachal Pradesh,12,16.6,15.9,17.5,8.6,7.1,3.9,17.7,16.5,19.400000000000002,9.9,8.4,3.1,0.0,0.0,0.0,0.0,0.0,0.0
Lower Subansiri,255,Arunachal Pradesh,12,26.9,19.4,26.5,19.499999999999996,4.7,4.4,24.2,18.7,30.799999999999997,18.3,5.1,4.5,0.0,0.0,0.0,0.0,0.0,0.0
Lucknow,157,Uttar Pradesh,09,16.0,10.5,9.6,6.1,5.3,4.5,18.1,22.5,7.8,8.200000000000001,6.6,5.1,19.2,28.0,7.0,9.2,7.3,5.4
Ludhiana,041,Punjab,03,23.3,38.1,29.599999999999998,12.2,7.3,6.6,29.4,35.5,21.3,11.7,6.8,5.3,32.7,33.8,16.8,11.5,6.6,4.5
Lunglei,286,Mizoram,15,11.6,14.9,11.0,8.5,12.4,6.8,18.5,20.3,15.100000000000001,8.9,12.2,9.0,28.6,26.7,21.1,9.5,11.9,11.6
Madhepura,213,Bihar,10,9.9,7.2,6.1,5.8,4.1,4.6,12.0,8.3,7.5,5.6000000000000005,5.7,4.6,0.0,0.0,0.0,0.0,0.0,0.0
Madhubani,207,Bihar,10,9.8,8.9,7.4,4.8,3.7,2.4,10.4,8.9,7.5,4.7,3.4,2.4,0.0,0.0,0.0,0.0,0.0,0.0
Madurai,623,Tamil Nadu,33,32.5,26.2,21.8,9.1,9.6,7.2,32.3,35.5,21.7,13.1,9.5,8.4,32.3,40.2,21.599999999999998,15.2,9.5,9.0
Mahamaya Nagar,144,Uttar Pradesh,09,11.5,14.8,10.8,6.1,3.6,5.0,16.2,20.0,16.599999999999998,7.9,5.3,4.7,0.0,0.0,0.0,0.0,0.0,0.0
Maharajganj,187,Uttar Pradesh,09,8.7,13.0,15.7,13.0,13.0,9.0,8.9,14.0,15.3,13.500000000000002,13.8,9.8,0.0,0.0,0.0,0.0,0.0,0.0
Mahasamund,411,Chhattisgarh,22,6.9,6.9,10.4,7.5,12.8,6.7,8.5,7.8,10.799999999999999,7.3,13.0,6.5,0.0,0.0,0.0,0.0,0.0,0.0
Mahbubnagar,538,Telangana,28,18.3,16.4,22.900000000000002,8.700000000000001,6.0,5.5,21.9,19.8,22.700000000000003,8.799999999999999,5.0,5.4,0.0,0.0,0.0,0.0,0.0,0.0
Mahe,636,Puducherry,34,0.0,0.0,0.0,0.0,0.0,0.0,39.7,41.6,13.9,11.1,13.1,9.4,39.7,41.6,13.9,11.1,13.1,9.4
Mahendragarh,084,Haryana,06,14.6,14.5,17.7,10.999999999999998,5.5,2.6,11.9,14.4,14.5,12.100000000000001,4.3,2.8,0.0,0.0,0.0,0.0,0.0,0.0
Mahesena,471,Gujarat,24,13.7,18.4,9.3,7.6,10.2,5.8,17.9,22.7,8.200000000000001,7.6000000000000005,8.8,6.4,0.0,0.0,0.0,0.0,0.0,0.0
Mahoba,169,Uttar Pradesh,09,9.6,6.5,2.7,3.0999999999999996,6.2,4.0,11.9,8.6,3.5,3.7,6.5,3.6,0.0,0.0,0.0,0.0,0.0,0.0
Mainpuri,148,Uttar Pradesh,09,6.4,12.6,13.600000000000001,7.699999999999999,5.5,2.9,9.7,14.3,15.9,8.200000000000001,4.8,2.9,0.0,0.0,0.0,0.0,0.0,0.0
Malappuram,592,Kerala,32,33.2,33.8,10.1,8.9,13.7,11.9,33.4,34.1,8.6,6.699999999999999,14.1,10.2,33.8,34.4,6.7,4.2,14.6,8.4
Maldah,332,West Bengal,19,9.0,9.9,13.899999999999999,9.8,13.8,7.9,12.5,12.0,14.100000000000001,10.1,13.2,7.9,0.0,0.0,0.0,0.0,0.0,0.0
Malkangiri,399,Odisha,21,5.6,5.0,13.0,5.1000000000000005,8.7,4.7,6.7,6.2,15.100000000000001,5.6000000000000005,8.5,4.9,0.0,0.0,0.0,0.0,0.0,0.0
Mamit,281,Mizoram,15,11.4,11.3,12.4,7.800000000000001,6.3,7.5,11.8,12.7,12.8,8.1,8.7,6.5,0.0,0.0,0.0,0.0,0.0,0.0
Mandi,027,Himachal Pradesh,02,14.7,23.4,21.6,12.600000000000001,4.7,2.9,15.8,23.9,23.9,11.900000000000002,4.0,3.6,0.0,0.0,0.0,0.0,0.0,0.0
Mandla,454,Madhya Pradesh,23,5.8,5.4,18.4,10.200000000000001,6.7,4.2,6.4,7.6,18.099999999999998,10.1,5.9,4.6,0.0,0.0,0.0,0.0,0.0,0.0
Mandsaur,433,Madhya Pradesh,23,13.2,10.5,21.6,11.8,11.8,7.4,12.4,14.1,20.9,11.9,11.3,7.0,0.0,0.0,0.0,0.0,0.0,0.0
Mandya,573,Karnataka,29,25.5,25.7,11.3,8.8,9.5,7.0,20.7,26.6,16.8,8.399999999999999,6.4,7.3,0.0,0.0,0.0,0.0,0.0,0.0
Mansa,047,Punjab,03,16.7,22.8,27.2,15.499999999999998,4.7,5.3,19.7,24.4,27.6,15.0,6.0,5.3,0.0,0.0,0.0,0.0,0.0,0.0
Mathura,145,Uttar Pradesh,09,16.9,16.8,8.5,7.1000000000000005,4.3,2.8,18.5,22.3,11.2,8.2,8.5,3.5,0.0,0.0,0.0,0.0,0.0,0.0
Mau,192,Uttar Pradesh,09,13.0,14.6,4.5,8.9,7.5,4.5,12.7,15.1,7.8,8.6,9.4,4.8,0.0,0.0,0.0,0.0,0.0,0.0
Mayurbhanj,376,Odisha,21,13.3,6.7,15.6,13.4,11.3,7.9,16.4,8.6,15.100000000000001,13.4,9.6,7.9,0.0,0.0,0.0,0.0,0.0,0.0
Medak,535,Telangana,28,15.9,16.9,9.4,7.8,4.2,4.7,19.3,20.2,16.900000000000002,9.0,7.8,4.3,0.0,0.0,0.0,0.0,0.0,0.0
Meerut,138,Uttar Pradesh,09,15.8,22.3,10.6,6.5,6.2,4.5,19.9,29.9,11.900000000000002,7.8999999999999995,6.0,6.0,21.7,33.4,12.4,8.6,6.0,6.7
Mewat,087,Haryana,06,11.3,9.2,13.9,9.6,3.4,4.4,13.0,12.2,11.200000000000001,10.0,4.2,4.4,0.0,0.0,0.0,0.0,0.0,0.0
Mirzapur,199,Uttar Pradesh,09,8.4,11.5,4.8,3.5999999999999996,4.7,2.1,9.9,13.3,6.1000000000000005,4.3,6.1,2.9,0.0,0.0,0.0,0.0,0.0,0.0
Moga,042,Punjab,03,30.8,27.4,23.6,16.5,3.2,5.2,37.2,29.1,23.1,15.3,3.7,5.0,0.0,0.0,0.0,0.0,0.0,0.0
Mokokchung,262,Nagaland,13,16.2,19.9,36.800000000000004,17.6,18.0,11.8,18.6,22.1,33.3,20.7,16.2,11.7,0.0,0.0,0.0,0.0,0.0,0.0
Mon,261,Nagaland,13,19.5,3.8,7.1,10.3,7.0,6.3,18.1,5.4,10.200000000000001,10.0,6.4,7.0,0.0,0.0,0.0,0.0,0.0,0.0
Moradabad,135,Uttar Pradesh,09,7.2,11.7,6.8999999999999995,5.7,9.6,6.2,14.1,17.8,9.499999999999998,6.5,10.2,6.6,26.5,28.2,14.4,8.0,11.2,7.2
Morena,419,Madhya Pradesh,23,6.6,10.1,2.6,4.8,0.8,2.3,10.0,14.1,5.4,4.3,5.1,2.4,0.0,0.0,0.0,0.0,0.0,0.0
Morigaon,304,Assam,18,6.8,9.9,15.100000000000001,16.3,9.5,7.4,7.5,11.0,15.1,16.4,8.2,7.5,0.0,0.0,0.0,0.0,0.0,0.0
Muktsar,044,Punjab,03,19.0,23.7,28.6,19.099999999999998,9.6,4.2,21.2,26.5,30.2,18.1,7.7,5.9,0.0,0.0,0.0,0.0,0.0,0.0
Mumbai,519,Maharashtra,27,0.0,0.0,0.0,0.0,0.0,0.0,37.9,34.0,35.2,12.499999999999998,14.0,11.8,37.9,34.0,35.2,12.499999999999998,14.0,11.8
Mumbai Suburban,518,Maharashtra,27,0.0,0.0,0.0,0.0,0.0,0.0,33.0,36.3,16.6,10.8,4.9,6.4,33.0,36.3,16.6,10.8,4.9,6.4
Munger,226,Bihar,10,17.1,12.7,5.7,4.6,7.3,3.4,17.2,16.1,7.8,4.2,8.4,3.9,0.0,0.0,0.0,0.0,0.0,0.0
Murshidabad,333,West Bengal,19,11.4,14.9,6.9,7.300000000000001,11.4,5.4,11.4,14.8,7.4,6.8999999999999995,9.7,5.6,0.0,0.0,0.0,0.0,0.0,0.0
Muzaffarnagar,133,Uttar Pradesh,09,4.7,19.1,9.0,7.4,8.7,6.5,11.0,21.7,11.6,6.999999999999999,9.2,6.5,0.0,0.0,0.0,0.0,0.0,0.0
Muzaffarpur,216,Bihar,10,17.0,9.2,10.5,4.3,12.2,3.7,19.3,10.5,10.000000000000002,4.6,14.1,3.7,0.0,0.0,0.0,0.0,0.0,0.0
Mysore,577,Karnataka,29,18.3,19.1,16.7,9.500000000000002,9.3,5.2,20.2,29.3,13.7,10.0,7.3,5.9,22.7,42.8,9.8,10.6,4.8,6.9
Nabarangapur,397,Odisha,21,5.1,5.5,8.1,11.799999999999999,6.3,6.1,7.8,6.8,9.0,11.7,8.4,6.3,0.0,0.0,0.0,0.0,0.0,0.0
Nadia,336,West Bengal,19,9.7,20.1,9.8,9.200000000000001,13.7,5.8,11.6,24.9,9.2,10.3,12.2,7.1,0.0,0.0,0.0,0.0,0.0,0.0
Nagaon,305,Assam,18,4.2,14.8,8.7,17.900000000000002,6.2,6.7,7.0,17.1,10.4,17.2,6.2,7.2,0.0,0.0,0.0,0.0,0.0,0.0
Nagapattinam,618,Tamil Nadu,33,24.4,23.0,20.7,10.100000000000001,5.9,7.2,27.0,26.9,21.099999999999998,9.6,5.3,8.3,0.0,0.0,0.0,0.0,0.0,0.0
Nagaur,112,Rajasthan,08,10.5,11.7,16.5,8.6,0.0,2.7,11.6,14.1,14.700000000000001,8.6,1.8,3.0,0.0,0.0,0.0,0.0,0.0,0.0
Nagpur,505,Maharashtra,27,17.0,12.4,15.600000000000001,8.2,14.5,3.5,18.4,23.3,21.400000000000002,8.700000000000001,10.6,4.8,19.2,27.5,24.5,8.8,8.4,5.3
Nainital,066,Uttarakhand,05,18.7,23.5,15.2,11.6,12.2,7.5,21.3,27.2,18.1,12.4,8.8,7.3,24.3,32.0,21.599999999999998,13.5,4.7,6.9
Nalanda,229,Bihar,10,8.4,7.1,7.4,4.0,4.2,2.6,10.6,10.2,9.6,3.9,4.0,2.9,0.0,0.0,0.0,0.0,0.0,0.0
Nalbari,323,Assam,18,10.5,17.1,17.3,18.4,3.8,4.4,10.2,17.7,16.9,18.5,5.0,4.8,0.0,0.0,0.0,0.0,0.0,0.0
Nalgonda,539,Telangana,28,19.2,21.5,18.1,10.1,3.3,6.2,22.1,25.0,15.5,10.0,2.6,5.6,0.0,0.0,0.0,0.0,0.0,0.0
Namakkal,609,Tamil Nadu,33,25.8,21.5,21.3,7.699999999999999,8.9,6.6,24.4,24.7,15.0,6.9,6.5,6.7,22.8,29.1,8.1,5.9,3.8,6.8
Nanded,511,Maharashtra,27,11.6,8.9,12.2,7.7,6.1,1.9,13.4,13.6,17.3,8.2,6.4,2.8,0.0,0.0,0.0,0.0,0.0,0.0
Nandurbar,497,Maharashtra,27,3.7,7.2,16.6,8.0,5.3,3.8,8.1,9.7,18.1,7.9,4.9,3.7,0.0,0.0,0.0,0.0,0.0,0.0
Narayanpur,415,Chhattisgarh,22,3.3,3.1,8.799999999999999,5.0,7.0,3.9,4.8,4.0,7.4,5.5,8.1,5.1,0.0,0.0,0.0,0.0,0.0,0.0
Narmada,487,Gujarat,24,10.3,8.0,13.2,9.4,8.8,5.4,16.0,11.4,13.700000000000001,9.8,9.5,5.3,0.0,0.0,0.0,0.0,0.0,0.0
Narsimhapur,452,Madhya Pradesh,23,12.9,12.0,13.4,10.7,9.3,6.8,14.8,15.4,13.700000000000001,11.0,10.1,8.9,0.0,0.0,0.0,0.0,0.0,0.0
Nashik,516,Maharashtra,27,22.8,14.2,18.2,6.3,5.6,5.4,23.7,22.9,11.0,5.7,6.1,4.7,24.9,30.1,2.3,5.2,6.7,4.1
Navsari,490,Gujarat,24,12.7,17.7,26.5,14.1,14.5,6.6,17.0,23.1,24.4,13.3,14.8,6.4,27.7,35.7,19.200000000000003,11.2,15.5,5.7
Nawada,237,Bihar,10,9.4,9.5,6.5,6.6,7.2,5.1,8.7,11.0,5.4,6.3999999999999995,7.6,5.0,0.0,0.0,0.0,0.0,0.0,0.0
Nayagarh,385,Odisha,21,20.0,22.4,7.0,5.9,14.6,7.4,21.6,22.8,8.3,6.3,15.4,7.6,0.0,0.0,0.0,0.0,0.0,0.0
Neemuch,432,Madhya Pradesh,23,15.0,11.5,23.900000000000002,11.100000000000001,13.2,6.8,16.4,14.3,22.700000000000003,12.1,11.1,7.5,0.0,0.0,0.0,0.0,0.0,0.0
New Delhi,094,NCT Delhi,07,0.0,0.0,0.0,0.0,0.0,0.0,25.1,27.3,14.0,3.6000000000000005,9.3,4.8,25.1,27.3,14.0,3.6000000000000005,9.3,4.8
Nicobar,638,Andaman & Nicobar Islands,35,31.7,18.7,43.00000000000001,21.700000000000003,4.0,2.5,31.7,18.7,43.00000000000001,21.700000000000003,4.0,2.5,0.0,0.0,0.0,0.0,0.0,0.0
Nizamabad,533,Telangana,28,26.2,15.8,14.399999999999999,6.199999999999999,4.7,5.7,30.8,21.2,11.3,6.5,9.0,7.7,0.0,0.0,0.0,0.0,0.0,0.0
North,091,NCT Delhi,07,0.0,0.0,0.0,0.0,0.0,0.0,25.2,38.5,2.2,6.5,12.1,5.8,23.2,38.4,2.3,6.6,12.7,5.9
North & Middle Andaman,639,Andaman & Nicobar Islands,35,46.1,29.7,20.3,7.1000000000000005,17.6,8.6,43.2,30.0,18.599999999999998,7.2,19.8,9.0,0.0,0.0,0.0,0.0,0.0,0.0
North District,241,Sikkim,11,41.2,24.1,28.3,18.8,8.6,5.7,40.8,25.3,27.500000000000004,17.9,8.1,6.0,0.0,0.0,0.0,0.0,0.0,0.0
North East,092,NCT Delhi,07,0.0,0.0,0.0,0.0,0.0,0.0,27.3,31.2,2.8,10.2,12.3,12.2,27.3,31.2,2.8,10.2,12.3,12.2
North Goa,585,Goa,30,28.4,27.5,16.8,7.7,11.3,9.4,33.0,34.6,13.6,8.5,10.7,9.3,35.8,38.8,11.700000000000001,9.0,10.3,9.3
North Tripura,292,Tripura,16,7.8,10.5,10.2,9.3,7.1,4.6,8.4,13.7,9.9,10.299999999999999,5.9,5.5,0.0,0.0,0.0,0.0,0.0,0.0
North Twenty Four Parganas,337,West Bengal,19,16.5,23.0,11.7,8.6,7.6,8.1,16.5,28.9,13.9,10.2,13.0,11.2,16.6,33.7,16.599999999999998,11.499999999999998,19.7,13.9
North West,090,NCT Delhi,07,0.0,0.0,0.0,0.0,0.0,0.0,16.4,36.4,0.0,7.9,8.2,7.6,14.5,36.6,0.0,8.0,7.2,7.6
Nuapada,394,Odisha,21,8.5,5.0,7.7,5.7,6.3,6.1,10.0,5.8,9.299999999999999,5.6000000000000005,6.9,6.1,0.0,0.0,0.0,0.0,0.0,0.0
Osmanabad,525,Maharashtra,27,23.2,17.9,18.700000000000003,7.5,7.2,4.6,21.5,19.4,19.8,8.4,6.5,4.6,0.0,0.0,0.0,0.0,0.0,0.0
Pakur,353,Jharkhand,20,6.6,5.4,10.6,7.3,3.6,3.7,6.2,5.8,12.1,7.1,4.5,3.6,0.0,0.0,0.0,0.0,0.0,0.0
Palakkad,593,Kerala,32,23.1,30.4,16.599999999999998,6.0,12.6,7.3,27.0,32.1,11.799999999999999,6.1,11.5,7.7,0.0,0.0,0.0,0.0,0.0,0.0
Palamu,358,Jharkhand,20,9.8,8.5,7.6,7.5,5.3,3.4,12.7,11.6,8.200000000000001,7.3,4.8,3.1,0.0,0.0,0.0,0.0,0.0,0.0
Pali,118,Rajasthan,08,10.7,11.2,9.9,5.5,1.0,3.3,13.3,14.5,10.4,5.9,2.1,3.7,0.0,0.0,0.0,0.0,0.0,0.0
Palwal,089,Haryana,06,20.8,11.8,20.6,9.700000000000001,6.5,4.4,24.7,19.1,23.599999999999998,10.100000000000001,4.6,5.3,0.0,0.0,0.0,0.0,0.0,0.0
Panchkula,069,Haryana,06,18.2,21.0,15.500000000000002,10.600000000000001,7.7,5.2,10.9,22.9,14.1,10.100000000000001,5.8,5.4,5.4,24.0,13.0,9.7,4.4,5.6
Panchmahal,484,Gujarat,24,10.4,7.0,11.0,10.0,6.1,5.1,12.8,10.1,8.4,9.2,5.8,5.7,0.0,0.0,0.0,0.0,0.0,0.0
Panipat,075,Haryana,06,26.9,24.9,5.3,5.0,6.6,4.4,26.1,25.8,6.4,4.2,9.0,8.6,25.1,26.6,7.7,3.5,11.8,12.2
Panna,426,Madhya Pradesh,23,3.6,9.0,13.0,8.9,12.5,7.0,8.9,11.5,15.6,9.299999999999999,11.1,7.2,0.0,0.0,0.0,0.0,0.0,0.0
Papumpare,248,Arunachal Pradesh,12,27.6,21.8,16.6,17.1,7.5,3.4,27.3,26.5,22.0,14.7,6.2,4.6,27.1,29.8,25.099999999999998,13.1,5.4,5.4
Parbhani,513,Maharashtra,27,10.8,9.0,11.700000000000001,7.1,9.3,3.8,13.5,14.0,16.5,7.8999999999999995,8.7,4.1,20.1,24.7,28.599999999999998,10.0,7.4,4.8
Paschim Medinipur,344,West Bengal,19,15.3,14.7,11.5,6.7,11.3,6.5,12.4,15.6,13.3,6.699999999999999,11.2,6.7,0.0,0.0,0.0,0.0,0.0,0.0
Pashchim Champaran,203,Bihar,10,10.2,9.8,9.700000000000001,7.6,5.9,3.7,13.9,13.6,17.599999999999998,7.7,6.2,4.2,0.0,0.0,0.0,0.0,0.0,0.0
Pashchimi Singhbhum,368,Jharkhand,20,3.5,5.3,15.1,12.1,7.4,4.1,8.7,9.3,15.600000000000001,12.100000000000001,12.3,4.4,0.0,0.0,0.0,0.0,0.0,0.0
Patan,470,Gujarat,24,10.5,11.2,8.0,9.6,7.7,5.5,15.3,17.0,8.9,9.6,7.1,6.1,0.0,0.0,0.0,0.0,0.0,0.0
Pathanamthitta,599,Kerala,32,36.4,39.1,15.999999999999998,8.6,7.8,11.2,35.9,39.7,17.2,8.200000000000001,7.9,11.1,0.0,0.0,0.0,0.0,0.0,0.0
Patiala,048,Punjab,03,37.2,34.5,26.9,15.899999999999999,8.0,6.1,40.6,35.5,23.400000000000002,13.6,5.3,5.4,43.4,36.5,20.6,10.9,3.2,4.6
Patna,230,Bihar,10,9.2,12.3,9.299999999999999,6.1000000000000005,6.0,3.4,15.8,19.5,10.0,5.4,6.5,3.9,21.0,25.7,10.600000000000001,4.8,6.9,4.3
Perambalur,615,Tamil Nadu,33,18.9,24.9,20.3,6.0,11.5,8.0,21.7,27.8,19.3,6.6000000000000005,14.2,8.6,0.0,0.0,0.0,0.0,0.0,0.0
Peren,271,Nagaland,13,7.3,15.7,21.3,14.9,4.6,4.9,9.3,19.0,28.2,15.000000000000002,5.5,4.2,0.0,0.0,0.0,0.0,0.0,0.0
Phek,266,Nagaland,13,9.6,12.4,20.0,20.8,8.6,5.1,12.0,14.2,24.299999999999997,22.8,8.2,4.9,0.0,0.0,0.0,0.0,0.0,0.0
Pilibhit,151,Uttar Pradesh,09,5.6,13.1,6.300000000000001,10.0,16.5,8.3,9.7,15.2,5.8,9.6,15.1,8.3,0.0,0.0,0.0,0.0,0.0,0.0
Pithoragarh,062,Uttarakhand,05,14.6,14.9,15.6,8.0,12.6,6.6,18.3,19.0,18.1,9.200000000000001,9.2,6.4,0.0,0.0,0.0,0.0,0.0,0.0
Porbandar,478,Gujarat,24,13.4,19.5,7.699999999999999,6.2,5.0,4.2,15.1,24.8,7.300000000000001,6.1,7.4,4.8,17.1,30.5,6.9,5.9,10.1,5.4
Prakasam,549,Andhra Pradesh,28,34.8,29.3,15.5,7.7,5.5,7.0,33.6,32.5,15.6,8.2,5.0,8.2,0.0,0.0,0.0,0.0,0.0,0.0
Pratapgarh,131,Rajasthan,08,5.9,5.9,5.5,5.5,4.6,3.5,9.5,7.8,5.0,6.0,5.1,3.6,0.0,0.0,0.0,0.0,0.0,0.0
Pratapgarh,173,Uttar Pradesh,09,11.2,10.9,3.6,5.6000000000000005,6.8,2.7,10.1,12.0,6.1000000000000005,5.7,7.1,2.7,0.0,0.0,0.0,0.0,0.0,0.0
Puducherry,635,Puducherry,34,32.0,34.1,9.299999999999999,6.500000000000001,2.9,8.0,36.9,36.2,13.500000000000002,9.100000000000001,6.6,6.8,39.5,37.0,15.6,10.2,8.6,6.3
Pudukkottai,621,Tamil Nadu,33,24.2,20.6,12.5,6.0,14.3,6.0,21.2,24.7,15.8,5.699999999999999,15.4,7.2,0.0,0.0,0.0,0.0,0.0,0.0
Pulwama,012,Jammu & Kashmir,01,22.1,33.7,6.700000000000001,11.899999999999999,5.0,3.3,22.6,34.0,7.4,11.799999999999999,4.7,3.3,0.0,0.0,0.0,0.0,0.0,0.0
Punch,005,Jammu & Kashmir,01,15.5,19.9,12.4,10.0,3.2,3.0,17.0,21.1,13.2,10.2,3.5,3.4,0.0,0.0,0.0,0.0,0.0,0.0
Pune,521,Maharashtra,27,17.4,21.3,13.4,9.4,1.6,4.5,33.4,30.2,13.799999999999999,7.8,4.0,4.6,41.9,35.1,14.0,6.8,5.2,4.6
Purba Champaran,204,Bihar,10,6.2,9.6,7.6,7.6,10.7,6.2,10.9,10.2,8.3,7.9,10.8,5.8,0.0,0.0,0.0,0.0,0.0,0.0
Purba Medinipur,345,West Bengal,19,18.3,19.0,7.300000000000001,6.6,12.8,8.2,19.2,20.9,5.7,6.699999999999999,14.1,8.4,0.0,0.0,0.0,0.0,0.0,0.0
Purbi Singhbhum,357,Jharkhand,20,8.7,6.5,8.399999999999999,8.4,6.5,4.6,13.9,16.4,11.1,7.4,7.9,5.1,18.1,23.5,13.299999999999999,6.7,9.0,5.4
Puri,387,Odisha,21,24.6,24.1,8.3,9.1,13.2,9.7,25.6,25.3,10.4,8.899999999999999,13.7,9.6,0.0,0.0,0.0,0.0,0.0,0.0
Purnia,211,Bihar,10,4.4,5.8,6.5,6.2,3.9,3.9,7.5,8.7,8.3,5.6,4.2,4.0,0.0,0.0,0.0,0.0,0.0,0.0
Puruliya,340,West Bengal,19,5.4,3.6,9.5,8.899999999999999,5.0,4.2,8.7,4.7,10.5,8.799999999999999,3.9,4.7,0.0,0.0,0.0,0.0,0.0,0.0
Rae Bareli,158,Uttar Pradesh,09,3.4,9.4,8.299999999999999,7.300000000000001,3.4,2.6,7.0,11.0,9.5,7.6000000000000005,4.4,2.6,0.0,0.0,0.0,0.0,0.0,0.0
Raichur,559,Karnataka,29,27.4,13.0,18.6,6.4,7.5,4.2,27.6,19.8,19.2,7.699999999999999,8.2,5.8,0.0,0.0,0.0,0.0,0.0,0.0
Raigarh,403,Chhattisgarh,22,6.8,9.8,16.6,14.299999999999999,15.2,9.4,12.2,12.3,21.0,13.700000000000001,15.8,8.7,0.0,0.0,0.0,0.0,0.0,0.0
Raigarh,520,Maharashtra,27,12.0,18.2,21.9,9.100000000000001,11.0,4.3,21.4,27.3,17.4,9.0,11.1,6.3,35.6,35.2,10.2,8.9,11.2,8.1
Raipur,410,Chhattisgarh,22,12.1,11.5,11.3,7.1,11.3,4.6,14.8,17.1,12.9,7.3,12.6,5.6,19.3,26.2,15.700000000000001,7.7,14.7,7.2
Raisen,446,Madhya Pradesh,23,5.3,8.3,5.9,5.8,6.9,2.0,7.1,14.2,8.6,5.800000000000001,7.5,2.9,0.0,0.0,0.0,0.0,0.0,0.0
Rajgarh,442,Madhya Pradesh,23,6.2,4.8,1.6,4.3999999999999995,2.7,2.9,6.6,7.2,3.2,4.7,3.0,2.7,0.0,0.0,0.0,0.0,0.0,0.0
Rajkot,476,Gujarat,24,23.6,30.3,5.0,6.4,7.4,6.7,22.3,36.1,8.3,8.1,6.1,6.3,21.6,39.6,10.3,9.3,5.4,6.1
Rajnandgaon,408,Chhattisgarh,22,5.9,5.2,3.4,4.7,3.8,3.5,5.4,7.0,2.6999999999999997,5.1,5.5,3.6,0.0,0.0,0.0,0.0,0.0,0.0
Rajouri,006,Jammu & Kashmir,01,14.4,19.4,17.900000000000002,11.5,3.1,3.3,15.1,21.0,18.8,12.299999999999999,3.1,3.6,0.0,0.0,0.0,0.0,0.0,0.0
Rajsamand,123,Rajasthan,08,5.9,11.1,7.8,6.1,2.7,4.0,6.7,12.5,8.9,6.1000000000000005,3.5,4.4,0.0,0.0,0.0,0.0,0.0,0.0
Ramanagara,584,Karnataka,29,32.9,19.9,15.1,8.4,5.1,4.7,37.8,22.8,14.099999999999998,9.0,4.2,5.5,0.0,0.0,0.0,0.0,0.0,0.0
Ramanathapuram,626,Tamil Nadu,33,26.6,27.6,22.2,7.5,6.3,4.8,27.1,32.7,24.8,8.4,8.7,6.5,28.4,44.7,30.799999999999997,10.299999999999999,14.5,10.4
Ramban,017,Jammu & Kashmir,01,16.2,16.6,14.8,13.0,0.6,2.9,16.6,17.8,13.6,12.799999999999999,0.6,2.7,0.0,0.0,0.0,0.0,0.0,0.0
Ramgarh,361,Jharkhand,20,9.2,7.0,7.699999999999999,5.8,6.5,3.8,11.2,12.8,12.899999999999999,6.1000000000000005,8.7,4.9,13.7,20.0,19.0,6.7,11.4,6.2
Rampur,136,Uttar Pradesh,09,9.4,12.3,5.7,6.9,12.5,7.1,11.0,16.0,8.2,7.1000000000000005,14.2,7.2,0.0,0.0,0.0,0.0,0.0,0.0
Ranchi,364,Jharkhand,20,4.2,7.1,14.9,10.100000000000001,3.4,6.1,14.2,16.0,13.700000000000001,10.4,4.0,6.3,27.0,26.6,12.3,11.0,4.8,6.6
Rangareddy,537,Telangana,28,0.0,0.0,0.0,0.0,0.0,0.0,27.1,33.5,18.4,10.3,4.2,7.9,28.3,37.1,15.7,10.5,4.8,9.1
Ratlam,434,Madhya Pradesh,23,2.9,8.7,18.2,8.7,7.4,4.7,7.0,15.6,19.700000000000003,11.600000000000001,8.0,5.9,0.0,0.0,0.0,0.0,0.0,0.0
Ratnagiri,528,Maharashtra,27,25.5,13.7,27.4,9.9,9.0,5.8,23.4,16.6,28.9,11.6,10.6,5.8,0.0,0.0,0.0,0.0,0.0,0.0
Rayagada,396,Odisha,21,7.0,6.4,7.1,5.7,11.7,6.6,11.6,10.0,6.5,6.700000000000001,11.2,7.1,0.0,0.0,0.0,0.0,0.0,0.0
Reasi,020,Jammu & Kashmir,01,12.2,15.6,13.399999999999999,6.8999999999999995,3.8,3.3,13.0,16.5,12.799999999999999,7.1000000000000005,3.9,3.3,0.0,0.0,0.0,0.0,0.0,0.0
Rewa,430,Madhya Pradesh,23,13.0,12.8,10.1,5.2,4.6,3.9,14.1,15.4,10.6,5.7,5.3,3.7,0.0,0.0,0.0,0.0,0.0,0.0
Rewari,085,Haryana,06,16.1,19.8,29.4,9.4,13.7,5.9,16.8,20.1,25.3,11.9,11.4,6.6,0.0,0.0,0.0,0.0,0.0,0.0
Ribhoi,297,Meghalaya,17,3.0,10.0,10.799999999999999,7.5,3.8,3.4,6.5,10.5,10.3,7.6,3.9,3.3,0.0,0.0,0.0,0.0,0.0,0.0
Rohtak,082,Haryana,06,11.1,19.2,18.9,8.9,6.6,3.3,14.8,21.6,21.9,9.6,6.0,4.5,19.6,24.9,25.5,10.600000000000001,5.2,6.2
Rohtas,234,Bihar,10,11.6,13.5,10.5,7.6,4.1,5.2,9.5,15.5,11.0,7.3,5.3,5.1,0.0,0.0,0.0,0.0,0.0,0.0
Rudraprayag,058,Uttarakhand,05,12.1,11.4,14.5,6.199999999999999,2.3,3.8,10.7,12.4,15.1,6.3,4.5,3.9,0.0,0.0,0.0,0.0,0.0,0.0
Rup Nagar,051,Punjab,03,12.7,42.0,11.200000000000001,11.200000000000001,5.5,7.3,17.5,43.6,12.399999999999999,11.5,4.2,7.3,0.0,0.0,0.0,0.0,0.0,0.0
Sabarkantha,472,Gujarat,24,13.7,11.0,14.099999999999998,7.6,5.6,3.6,18.1,12.9,14.9,8.3,5.6,4.6,0.0,0.0,0.0,0.0,0.0,0.0
Sagar,427,Madhya Pradesh,23,5.9,10.8,10.7,11.0,8.5,8.7,8.4,14.1,11.700000000000001,11.4,11.0,9.5,0.0,0.0,0.0,0.0,0.0,0.0
Saharanpur,132,Uttar Pradesh,09,14.2,13.6,5.1,6.300000000000001,6.2,6.7,17.6,19.7,7.9,6.9,6.6,6.7,25.3,32.7,14.1,8.299999999999999,7.7,6.7
Saharsa,214,Bihar,10,7.0,6.7,9.8,4.2,3.5,3.9,6.1,7.7,9.600000000000001,4.2,3.8,3.8,0.0,0.0,0.0,0.0,0.0,0.0
Sahibganj,352,Jharkhand,20,7.8,6.9,13.700000000000001,6.9,8.0,4.0,10.6,7.7,13.6,6.800000000000001,7.0,4.0,0.0,0.0,0.0,0.0,0.0,0.0
Sahibzada Ajit Singh Nagar,052,Punjab,03,21.2,35.8,11.799999999999999,10.8,13.0,5.3,39.1,39.4,18.7,9.7,11.7,5.4,53.9,42.5,24.500000000000004,8.9,10.7,5.5
Sahid Bhagat Singh Nagar,039,Punjab,03,27.5,36.0,15.6,11.7,2.3,5.5,27.7,35.7,17.099999999999998,12.1,2.9,5.7,0.0,34.8,0.0,13.9,0.0,6.7
Saiha,288,Mizoram,15,6.8,6.8,10.1,7.5,7.6,3.2,9.5,9.4,15.2,7.3,6.3,4.4,11.6,11.5,19.099999999999998,7.200000000000001,5.3,5.4
Salem,608,Tamil Nadu,33,30.6,23.8,11.7,7.9,10.6,6.9,34.3,29.4,11.4,7.8999999999999995,14.1,8.0,37.6,35.2,11.100000000000001,7.9,17.3,9.1
Samastipur,221,Bihar,10,5.0,7.5,10.9,5.2,11.7,2.3,5.6,8.4,12.1,5.4,11.8,2.4,0.0,0.0,0.0,0.0,0.0,0.0
Samba,022,Jammu & Kashmir,01,22.7,34.6,22.6,13.6,6.2,6.8,24.4,35.3,22.9,13.8,6.3,6.9,0.0,0.0,0.0,0.0,0.0,0.0
Sambalpur,372,Odisha,21,10.8,9.3,9.2,8.7,11.7,5.1,15.5,16.8,12.9,9.1,9.1,6.9,0.0,0.0,0.0,0.0,0.0,0.0
Sangli,531,Maharashtra,27,36.0,26.0,15.0,7.8999999999999995,11.2,5.4,29.7,28.4,18.2,9.4,8.9,6.1,0.0,0.0,0.0,0.0,0.0,0.0
Sangrur,053,Punjab,03,24.0,28.8,41.199999999999996,16.599999999999998,4.1,4.4,28.3,30.3,36.1,18.6,6.4,4.7,0.0,0.0,0.0,0.0,0.0,0.0
Sant Kabir Nagar,186,Uttar Pradesh,09,16.3,12.8,14.200000000000001,12.2,8.2,8.1,18.0,13.5,15.700000000000001,12.1,7.8,7.7,0.0,0.0,0.0,0.0,0.0,0.0
Sant Ravidas Nagar,198,Uttar Pradesh,09,12.8,13.3,8.4,5.5,3.5,2.3,11.8,13.6,9.2,5.3,2.5,2.4,0.0,0.0,0.0,0.0,0.0,0.0
Saraikela Kharsawan,369,Jharkhand,20,9.6,5.9,11.9,11.4,10.0,6.4,17.6,12.4,13.4,10.8,14.0,7.5,0.0,0.0,0.0,0.0,0.0,0.0
Saran,219,Bihar,10,15.8,17.1,12.4,6.799999999999999,6.2,5.1,18.5,18.1,10.6,6.6000000000000005,8.7,5.6,0.0,0.0,0.0,0.0,0.0,0.0
Satara,527,Maharashtra,27,27.8,16.5,13.8,10.0,2.7,3.6,28.6,19.3,16.9,10.4,2.1,4.4,0.0,0.0,0.0,0.0,0.0,0.0
Satna,429,Madhya Pradesh,23,7.6,11.4,12.799999999999999,6.4,4.1,5.4,12.6,15.9,14.5,7.3999999999999995,5.8,6.2,0.0,0.0,0.0,0.0,0.0,0.0
Sawai Madhopur,108,Rajasthan,08,11.3,9.7,11.0,6.300000000000001,3.9,3.3,13.5,11.2,11.6,7.300000000000001,4.4,3.4,0.0,0.0,0.0,0.0,0.0,0.0
Sehore,445,Madhya Pradesh,23,11.6,11.7,8.2,6.3,4.3,1.7,12.9,14.4,9.2,7.199999999999999,5.5,2.4,0.0,0.0,0.0,0.0,0.0,0.0
Senapati,272,Manipur,14,18.8,18.9,21.0,9.299999999999999,6.0,6.3,19.0,19.0,21.5,9.299999999999999,5.7,6.2,0.0,0.0,0.0,0.0,0.0,0.0
Seoni,456,Madhya Pradesh,23,12.8,7.2,8.5,8.7,6.2,5.7,15.2,8.7,10.5,8.5,7.0,6.0,0.0,0.0,0.0,0.0,0.0,0.0
Serchhip,285,Mizoram,15,11.1,10.0,13.6,7.9,8.0,10.3,16.0,19.0,17.2,10.0,8.8,11.2,17.8,22.3,18.599999999999998,10.7,9.0,11.5
Shahdol,460,Madhya Pradesh,23,6.9,8.8,9.200000000000001,9.8,5.0,4.7,8.2,12.3,8.2,9.3,7.9,5.0,0.0,0.0,0.0,0.0,0.0,0.0
Shahjahanpur,152,Uttar Pradesh,09,4.1,14.2,7.5,5.1000000000000005,10.0,6.0,7.4,17.0,11.7,6.0,11.0,6.0,0.0,0.0,0.0,0.0,0.0,0.0
Shajapur,436,Madhya Pradesh,23,9.9,9.4,6.6,4.9,3.5,3.2,10.5,11.6,7.6,6.1,4.9,4.2,0.0,0.0,0.0,0.0,0.0,0.0
Sheikhpura,228,Bihar,10,6.6,9.3,11.8,3.9,5.6,3.1,8.9,10.7,10.6,3.8000000000000003,4.7,3.3,0.0,0.0,0.0,0.0,0.0,0.0
Sheohar,205,Bihar,10,13.2,9.4,3.4,6.5,6.7,6.2,12.1,9.6,3.9000000000000004,6.3999999999999995,7.7,6.2,0.0,0.0,0.0,0.0,0.0,0.0
Sheopur,418,Madhya Pradesh,23,5.9,5.8,11.4,5.6000000000000005,5.8,3.6,5.7,6.4,10.9,5.8,5.7,3.6,0.0,0.0,0.0,0.0,0.0,0.0
Shimla,033,Himachal Pradesh,02,27.1,31.4,17.4,8.3,8.2,6.7,30.2,33.2,17.1,10.1,8.6,6.8,0.0,0.0,0.0,0.0,0.0,0.0
Shimoga,568,Karnataka,29,7.2,17.3,15.4,12.5,5.3,8.4,15.5,24.8,17.2,13.799999999999999,5.9,9.0,39.0,39.2,22.299999999999997,16.7,7.8,10.1
Shivpuri,423,Madhya Pradesh,23,4.5,5.2,4.5,4.5,5.9,3.9,4.2,9.5,6.9,6.0,6.8,4.6,0.0,0.0,0.0,0.0,0.0,0.0
Shrawasti,181,Uttar Pradesh,09,7.1,9.2,14.8,12.200000000000001,11.2,7.1,7.9,9.4,16.4,11.9,11.9,7.5,0.0,0.0,0.0,0.0,0.0,0.0
Shupiyan,013,Jammu & Kashmir,01,15.6,30.8,12.000000000000002,12.200000000000001,4.9,7.3,15.3,31.3,11.9,12.5,4.2,7.5,0.0,0.0,0.0,0.0,0.0,0.0
Siddharthnagar,184,Uttar Pradesh,09,4.8,12.3,11.0,12.3,15.2,9.4,10.1,13.2,11.9,12.3,15.7,9.4,0.0,0.0,0.0,0.0,0.0,0.0
Sidhi,462,Madhya Pradesh,23,7.6,9.7,7.9,6.7,8.0,4.5,7.1,10.3,9.3,6.2,9.6,4.6,0.0,0.0,0.0,0.0,0.0,0.0
Sikar,111,Rajasthan,08,11.3,14.8,10.5,7.1000000000000005,5.5,4.0,13.6,18.4,12.4,7.9,3.8,3.9,0.0,0.0,0.0,0.0,0.0,0.0
Simdega,367,Jharkhand,20,1.3,2.8,14.899999999999999,8.7,13.4,3.8,1.1,4.4,13.899999999999999,8.5,12.7,4.6,0.0,0.0,0.0,0.0,0.0,0.0
Sindhudurg,529,Maharashtra,27,18.0,16.2,30.9,13.2,12.7,8.4,20.7,20.8,28.700000000000003,13.2,12.1,8.6,0.0,0.0,0.0,0.0,0.0,0.0
Singrauli,463,Madhya Pradesh,23,9.0,6.2,7.8,5.699999999999999,4.8,4.3,12.3,11.0,7.8999999999999995,6.199999999999999,5.0,4.8,0.0,0.0,0.0,0.0,0.0,0.0
Sirmaur,032,Himachal Pradesh,02,21.5,23.0,23.7,12.3,4.7,5.6,27.6,25.2,25.1,12.5,5.7,6.5,0.0,0.0,0.0,0.0,0.0,0.0
Sirohi,117,Rajasthan,08,6.9,7.1,9.7,4.5,1.9,2.2,9.6,10.1,9.3,4.7,4.6,3.0,0.0,0.0,0.0,0.0,0.0,0.0
Sirsa,079,Haryana,06,18.8,19.0,17.400000000000002,9.700000000000001,1.5,3.5,20.8,23.0,18.3,10.2,1.6,4.1,0.0,0.0,0.0,0.0,0.0,0.0
Sitamarhi,206,Bihar,10,6.4,7.7,9.100000000000001,7.4,5.6,3.9,7.5,8.9,9.0,8.0,6.7,4.3,0.0,0.0,0.0,0.0,0.0,0.0
Sitapur,154,Uttar Pradesh,09,4.9,7.2,7.3,7.5,2.4,4.2,4.3,9.6,6.3,7.700000000000001,3.4,4.3,0.0,0.0,0.0,0.0,0.0,0.0
Sivaganga,622,Tamil Nadu,33,15.7,22.0,13.5,3.1,8.9,6.5,24.9,28.4,16.7,5.4,7.7,7.0,44.1,43.2,23.2,10.6,5.3,8.0
Sivasagar,311,Assam,18,10.5,12.1,21.499999999999996,19.0,6.9,7.7,15.4,13.9,22.7,19.4,8.1,7.5,0.0,0.0,0.0,0.0,0.0,0.0
Siwan,218,Bihar,10,12.8,16.0,9.6,7.300000000000001,11.0,4.6,15.3,17.0,10.6,7.5,10.1,4.7,0.0,0.0,0.0,0.0,0.0,0.0
Solan,031,Himachal Pradesh,02,19.3,31.5,21.1,9.799999999999999,8.9,5.5,18.4,32.7,18.0,11.0,8.7,5.7,0.0,0.0,0.0,0.0,0.0,0.0
Solapur,526,Maharashtra,27,33.3,16.3,15.1,7.3,4.4,5.6,33.6,23.0,17.3,8.2,6.3,6.4,34.2,35.1,21.0,9.9,9.6,7.8
Sonbhadra,200,Uttar Pradesh,09,3.4,8.2,10.1,6.3,4.2,3.7,6.9,13.2,9.9,6.7,5.7,4.1,0.0,0.0,0.0,0.0,0.0,0.0
Sonipat,076,Haryana,06,29.1,32.8,8.1,5.1000000000000005,2.2,4.7,31.5,31.3,10.8,5.3,3.7,4.5,36.3,28.2,16.1,6.1000000000000005,6.6,4.1
Sonitpur,306,Assam,18,14.5,11.1,21.3,13.9,6.8,5.6,13.4,12.9,23.200000000000003,14.700000000000001,8.2,5.9,0.0,0.0,0.0,0.0,0.0,0.0
South,098,NCT Delhi,07,0.0,0.0,0.0,0.0,0.0,0.0,29.9,32.5,7.5,7.1,11.0,6.6,29.9,32.5,7.5,7.1,11.0,6.6
South Andaman,640,Andaman & Nicobar Islands,35,31.4,25.6,37.699999999999996,8.1,10.1,8.8,36.5,33.7,30.6,8.6,16.4,10.1,39.8,38.4,26.0,8.799999999999999,20.5,10.9
South District,243,Sikkim,11,0.0,20.1,0.0,13.399999999999999,0.0,4.5,31.3,22.3,30.7,13.799999999999999,7.9,5.2,0.0,0.0,0.0,0.0,0.0,0.0
South Garo Hills,295,Meghalaya,17,20.8,13.8,11.700000000000001,8.4,6.9,4.6,23.2,14.2,11.7,8.6,6.9,4.4,0.0,0.0,0.0,0.0,0.0,0.0
South Goa,586,Goa,30,27.9,30.1,16.5,8.2,12.8,10.6,31.9,31.8,12.8,8.8,14.8,8.3,34.5,32.7,10.399999999999999,9.000000000000002,16.1,7.0
South Tripura,290,Tripura,16,15.8,12.7,14.4,9.4,10.4,8.5,17.0,13.6,13.2,10.2,11.7,8.5,0.0,0.0,0.0,0.0,0.0,0.0
South Twenty Four Parganas,343,West Bengal,19,9.2,18.5,9.5,6.999999999999999,13.3,7.8,9.7,22.6,11.0,7.8999999999999995,15.1,7.3,0.0,0.0,0.0,0.0,0.0,0.0
South West,097,NCT Delhi,07,0.0,0.0,0.0,0.0,0.0,0.0,28.2,35.1,6.3999999999999995,4.1,11.8,7.7,28.2,35.2,6.3999999999999995,4.3,11.8,8.0
Sri Potti Sriramulu Nellore,550,Andhra Pradesh,28,28.2,30.2,15.2,10.7,7.3,9.5,32.0,35.0,12.0,11.6,6.3,9.5,0.0,0.0,0.0,0.0,0.0,0.0
Srikakulam,542,Andhra Pradesh,28,12.4,21.0,13.0,5.8999999999999995,10.1,7.7,18.9,24.4,14.100000000000001,6.9,12.4,8.3,0.0,0.0,0.0,0.0,0.0,0.0
Srinagar,010,Jammu & Kashmir,01,0.0,0.0,0.0,0.0,0.0,0.0,34.6,40.8,18.3,13.399999999999999,14.3,9.3,35.4,41.2,18.4,13.499999999999998,14.2,9.3
Subarnapur,392,Odisha,21,10.8,12.6,4.6,5.1000000000000005,8.4,4.4,13.0,13.8,5.0,5.300000000000001,10.5,4.6,0.0,0.0,0.0,0.0,0.0,0.0
Sultanpur,179,Uttar Pradesh,09,12.6,12.3,7.5,7.699999999999999,7.5,3.8,12.6,14.3,6.9,7.8,8.0,3.6,0.0,0.0,0.0,0.0,0.0,0.0
Sundargarh,374,Odisha,21,8.0,7.0,16.3,9.2,8.2,5.7,13.8,13.6,14.9,9.700000000000001,8.9,5.6,23.1,26.1,12.8,10.6,10.1,5.3
Supaul,208,Bihar,10,8.8,5.6,6.1,5.8999999999999995,5.2,4.3,9.6,5.6,6.4,5.8,5.0,4.2,0.0,0.0,0.0,0.0,0.0,0.0
Surat,492,Gujarat,24,0.0,0.0,0.0,0.0,0.0,0.0,23.2,34.5,11.1,11.5,11.9,5.7,26.8,39.8,9.8,12.0,13.0,5.8
Surendranagar,475,Gujarat,24,11.0,16.3,10.500000000000002,7.9,3.9,4.6,18.2,20.6,10.5,8.5,4.6,5.0,0.0,0.0,0.0,0.0,0.0,0.0
Surguja,401,Chhattisgarh,22,4.5,4.8,17.700000000000003,19.1,7.0,3.3,7.5,8.6,19.0,17.700000000000003,6.7,3.8,0.0,0.0,0.0,0.0,0.0,0.0
Tamenglong,273,Manipur,14,8.3,11.6,14.299999999999999,11.3,5.9,4.4,7.9,12.4,15.8,10.9,5.5,4.8,0.0,0.0,0.0,0.0,0.0,0.0
Tapi,493,Gujarat,24,5.2,7.5,12.5,8.6,8.7,5.7,7.0,8.8,13.3,8.5,9.5,6.0,0.0,0.0,0.0,0.0,0.0,0.0
Tarn Taran,050,Punjab,03,27.6,29.9,27.1,15.8,8.3,7.8,24.4,30.2,26.5,15.599999999999998,8.8,7.7,0.0,0.0,0.0,0.0,0.0,0.0
Tawang,245,Arunachal Pradesh,12,29.1,28.0,38.5,25.5,2.9,3.4,29.2,28.6,40.6,26.799999999999997,3.7,3.4,0.0,0.0,0.0,0.0,0.0,0.0
Tehri Garhwal,059,Uttarakhand,05,6.3,4.5,4.2,4.2,4.0,4.6,5.9,5.3,3.3,4.5,9.6,4.4,0.0,0.0,0.0,0.0,0.0,0.0
Thane,517,Maharashtra,27,0.0,0.0,0.0,0.0,0.0,0.0,27.4,29.0,14.8,9.5,4.5,4.1,30.5,33.6,14.399999999999999,9.600000000000001,5.4,4.0
Thanjavur,620,Tamil Nadu,33,29.0,27.1,15.0,7.0,15.3,7.6,31.0,33.3,15.5,7.7,12.5,8.6,34.2,44.6,16.7,9.2,7.9,10.6
The Dangs,489,Gujarat,24,3.4,2.3,10.5,3.3000000000000003,4.5,2.6,5.0,4.0,9.4,3.4999999999999996,4.1,2.7,0.0,0.0,0.0,0.0,0.0,0.0
The Nilgiris,611,Tamil Nadu,33,21.6,20.7,16.0,15.099999999999998,17.3,7.6,16.5,23.2,19.3,13.299999999999999,10.6,6.8,14.0,25.0,20.9,12.0,7.2,6.2
Theni,624,Tamil Nadu,33,21.3,26.0,21.700000000000003,10.0,1.6,10.2,28.1,33.5,17.099999999999998,9.799999999999999,5.5,8.5,32.1,37.8,14.3,9.6,7.8,7.6
Thiruvallur,602,Tamil Nadu,33,30.0,28.1,8.7,5.3,6.6,4.2,32.0,32.3,12.700000000000001,6.3,8.1,6.2,33.2,34.4,15.1,6.6000000000000005,9.0,7.2
Thiruvananthapuram,601,Kerala,32,23.0,37.6,17.3,5.8,5.5,5.5,25.2,33.6,7.8,5.1,10.5,6.2,26.7,30.0,1.3,4.300000000000001,13.8,6.8
Thiruvarur,619,Tamil Nadu,33,19.9,28.0,13.0,9.299999999999999,9.5,6.1,24.6,29.2,14.200000000000001,10.2,10.0,7.0,0.0,0.0,0.0,0.0,0.0,0.0
Thoothukkudi,627,Tamil Nadu,33,20.4,30.3,20.2,5.3,5.8,6.0,22.9,36.0,20.7,6.5,7.0,6.7,24.2,41.1,21.0,7.500000000000001,7.7,7.3
Thoubal,276,Manipur,14,17.3,22.0,22.4,8.8,5.8,4.8,20.7,25.8,22.5,9.5,4.9,6.1,25.5,31.2,22.700000000000003,10.600000000000001,3.6,8.1
Thrissur,594,Kerala,32,28.4,24.5,10.200000000000001,8.200000000000001,1.9,2.8,26.4,28.1,9.299999999999999,7.7,6.8,5.0,25.3,30.0,8.8,7.5,9.7,6.2
Tikamgarh,424,Madhya Pradesh,23,6.7,6.1,12.6,7.3999999999999995,7.5,5.7,6.7,8.0,16.2,9.0,6.8,6.5,0.0,0.0,0.0,0.0,0.0,0.0
Tinsukia,309,Assam,18,5.3,7.7,23.2,16.0,6.8,2.5,16.0,12.6,25.9,16.8,8.6,3.9,0.0,0.0,0.0,0.0,0.0,0.0
Tirap,254,Arunachal Pradesh,12,8.5,4.4,10.8,5.9,9.3,3.8,9.1,6.9,9.5,6.2,6.2,3.9,0.0,0.0,0.0,0.0,0.0,0.0
Tiruchirappalli,614,Tamil Nadu,33,20.2,22.8,8.399999999999999,6.8999999999999995,4.8,7.5,28.7,31.3,21.0,10.3,12.6,8.1,36.7,40.3,32.9,13.799999999999999,20.0,8.8
Tirunelveli,628,Tamil Nadu,33,27.5,26.0,12.8,9.4,7.3,5.7,30.2,29.5,21.9,9.700000000000001,9.0,7.6,32.7,32.9,30.4,9.799999999999999,10.6,9.4
Tiruppur,633,Tamil Nadu,33,32.4,27.8,21.1,7.5,6.0,5.4,26.3,28.0,13.999999999999998,6.1000000000000005,8.2,4.2,22.7,28.2,9.8,5.3,9.6,3.5
Tiruvannamalai,606,Tamil Nadu,33,29.8,26.1,7.9,6.6,12.0,5.4,29.8,27.1,10.099999999999998,8.3,13.5,5.9,0.0,0.0,0.0,0.0,0.0,0.0
Tonk,120,Rajasthan,08,9.1,7.4,12.1,2.6,10.4,2.8,9.7,10.5,11.200000000000001,3.8,9.9,2.6,0.0,0.0,0.0,0.0,0.0,0.0
Tuensang,267,Nagaland,13,7.0,4.8,17.9,12.0,15.5,7.5,7.1,7.1,21.5,12.899999999999999,13.9,6.6,0.0,0.0,0.0,0.0,0.0,0.0
Tumkur,571,Karnataka,29,16.8,17.3,15.5,8.700000000000001,6.6,5.6,19.3,22.3,20.500000000000004,10.7,8.9,6.7,0.0,0.0,0.0,0.0,0.0,0.0
Udaipur,130,Rajasthan,08,8.3,5.0,9.8,5.200000000000001,7.9,2.4,12.7,10.4,9.1,6.2,6.8,2.3,0.0,0.0,0.0,0.0,0.0,0.0
Udalguri,326,Assam,18,12.3,9.4,29.5,16.099999999999998,7.5,3.3,11.6,10.1,29.200000000000003,16.4,7.0,3.5,0.0,0.0,0.0,0.0,0.0,0.0
Udham Singh Nagar,067,Uttarakhand,05,12.8,20.1,17.9,12.1,11.8,6.7,17.9,24.8,20.5,12.2,10.7,7.4,24.8,32.3,24.099999999999998,12.3,9.1,8.4
Udhampur,019,Jammu & Kashmir,01,12.6,16.4,5.5,7.0,1.5,3.0,14.1,20.3,5.2,7.5,2.3,3.7,0.0,0.0,0.0,0.0,0.0,0.0
Udupi,569,Karnataka,29,17.7,19.0,20.9,10.8,7.8,5.4,22.5,20.7,21.200000000000003,10.799999999999999,9.3,5.6,0.0,0.0,0.0,0.0,0.0,0.0
Ujjain,435,Madhya Pradesh,23,6.6,10.2,9.8,8.4,6.1,6.9,11.4,17.5,11.6,9.5,7.4,7.4,19.1,27.8,14.2,11.1,9.4,8.1
Ukhrul,279,Manipur,14,4.5,10.5,13.0,11.2,3.7,4.6,4.6,12.0,18.4,11.600000000000001,6.5,6.0,0.0,0.0,0.0,0.0,0.0,0.0
Umaria,431,Madhya Pradesh,23,1.6,6.2,8.0,8.100000000000001,1.6,4.2,3.2,9.6,8.200000000000001,8.0,2.6,4.7,0.0,0.0,0.0,0.0,0.0,0.0
Una,029,Himachal Pradesh,02,24.3,37.3,24.4,13.4,7.6,8.7,26.1,37.5,24.5,13.700000000000001,7.8,9.0,0.0,0.0,0.0,0.0,0.0,0.0
Unnao,156,Uttar Pradesh,09,6.6,11.0,6.300000000000001,5.1,4.6,2.7,5.3,13.2,8.4,5.2,4.9,2.9,0.0,0.0,0.0,0.0,0.0,0.0
Upper Siang,252,Arunachal Pradesh,12,35.1,19.2,17.4,18.400000000000002,13.4,6.7,41.1,19.0,18.3,18.599999999999998,12.0,6.2,0.0,0.0,0.0,0.0,0.0,0.0
Upper Subansiri,249,Arunachal Pradesh,12,14.4,14.1,31.099999999999998,20.3,7.6,5.1,16.1,15.5,27.9,20.5,7.9,5.7,0.0,0.0,0.0,0.0,0.0,0.0
Uttar Bastar Kanker,413,Chhattisgarh,22,10.7,7.1,13.700000000000001,7.7,12.7,6.3,13.8,9.3,14.6,7.699999999999999,12.9,6.5,0.0,0.0,0.0,0.0,0.0,0.0
Uttar Dinajpur,330,West Bengal,19,7.9,8.6,16.4,12.0,6.8,5.1,8.0,11.1,15.100000000000001,12.3,5.7,5.8,0.0,0.0,0.0,0.0,0.0,0.0
Uttara Kannada,563,Karnataka,29,5.0,15.7,17.7,12.299999999999999,9.9,5.8,16.5,20.4,19.5,13.4,12.8,6.1,0.0,0.0,0.0,0.0,0.0,0.0
Uttarkashi,056,Uttarakhand,05,7.5,10.3,7.0,6.3,10.4,4.3,11.3,11.5,10.4,6.6000000000000005,10.0,4.5,0.0,0.0,0.0,0.0,0.0,0.0
Vadodara,486,Gujarat,24,12.9,14.1,13.8,11.9,6.1,5.1,20.7,22.0,15.399999999999999,13.8,6.5,6.5,27.3,29.3,16.8,15.7,6.8,7.8
Vaishali,220,Bihar,10,11.4,12.6,9.700000000000001,5.199999999999999,5.4,3.3,14.7,13.9,9.2,5.3,6.3,4.3,0.0,0.0,0.0,0.0,0.0,0.0
Valsad,491,Gujarat,24,17.4,20.1,9.9,11.3,7.6,5.6,23.0,24.8,8.4,9.3,7.8,6.8,31.4,32.3,5.9,6.299999999999999,7.9,8.8
Varanasi,197,Uttar Pradesh,09,12.2,13.2,5.6,4.8,1.6,3.8,14.1,18.1,6.4,5.1,3.7,4.5,16.1,23.3,7.4,5.6,5.9,5.3
Vellore,605,Tamil Nadu,33,26.1,34.6,6.4,4.6000000000000005,11.6,9.3,26.1,34.3,10.6,5.7,10.3,8.5,26.1,34.0,14.0,6.7,9.2,7.8
Vidisha,443,Madhya Pradesh,23,4.6,11.1,6.2,12.2,9.0,7.9,4.4,11.3,13.3,12.4,8.6,8.1,0.0,0.0,0.0,0.0,0.0,0.0
Viluppuram,607,Tamil Nadu,33,33.4,23.0,14.6,6.1,13.4,5.5,34.1,24.6,14.6,6.699999999999999,12.1,5.7,0.0,0.0,0.0,0.0,0.0,0.0
Virudhunagar,625,Tamil Nadu,33,15.1,22.9,27.6,7.3,9.9,9.0,17.7,32.9,22.8,9.6,6.7,8.4,20.1,43.2,18.3,11.999999999999998,3.9,7.7
Visakhapatnam,544,Andhra Pradesh,28,14.8,15.3,14.299999999999999,8.7,12.3,4.0,29.0,28.8,13.1,10.2,7.4,6.6,40.2,41.6,12.200000000000001,11.600000000000001,3.5,9.0
Vizianagaram,543,Andhra Pradesh,28,28.0,16.0,19.4,7.8,8.7,6.1,32.1,22.4,18.6,8.5,12.0,7.4,0.0,0.0,0.0,0.0,0.0,0.0
Warangal,540,Telangana,28,23.9,18.7,13.6,8.5,7.8,4.9,25.5,24.9,14.799999999999999,10.000000000000002,7.4,5.1,0.0,0.0,0.0,0.0,0.0,0.0
Wardha,504,Maharashtra,27,13.2,11.8,9.3,9.3,1.6,4.3,14.4,17.0,10.7,9.8,3.9,4.2,16.1,26.8,12.8,10.700000000000001,7.3,4.1
Washim,502,Maharashtra,27,11.3,8.8,15.8,7.3,7.9,3.4,18.5,11.4,15.1,7.8999999999999995,8.9,4.0,0.0,0.0,0.0,0.0,0.0,0.0
Wayanad,590,Kerala,32,32.9,23.7,17.599999999999998,9.5,20.4,11.5,34.6,24.4,17.0,9.5,20.5,11.9,0.0,0.0,0.0,0.0,0.0,0.0
West,096,NCT Delhi,07,0.0,0.0,0.0,0.0,0.0,0.0,22.5,33.6,0.6,6.3,8.3,6.5,22.5,33.6,0.6,6.3,8.3,6.5
West District,242,Sikkim,11,29.3,22.0,24.1,13.6,9.3,7.0,30.6,22.8,24.999999999999996,13.7,10.5,6.9,0.0,0.0,0.0,0.0,0.0,0.0
West Garo Hills,293,Meghalaya,17,12.9,10.4,9.2,12.4,7.6,3.5,13.3,10.8,10.1,11.999999999999998,6.8,3.7,0.0,0.0,0.0,0.0,0.0,0.0
West Godavari,546,Andhra Pradesh,28,39.5,36.9,18.7,10.6,6.7,6.1,41.3,40.0,17.0,10.200000000000001,9.9,7.6,0.0,0.0,0.0,0.0,0.0,0.0
West Kameng,246,Arunachal Pradesh,12,15.1,29.2,31.4,22.799999999999997,3.7,3.4,20.3,33.2,31.9,23.2,3.1,3.1,0.0,0.0,0.0,0.0,0.0,0.0
West Khasi Hills,296,Meghalaya,17,8.9,7.7,6.200000000000001,7.8,3.3,2.9,7.9,8.2,7.4,8.3,3.4,3.6,0.0,0.0,0.0,0.0,0.0,0.0
West Siang,250,Arunachal Pradesh,12,16.7,19.9,34.3,24.799999999999997,5.0,5.0,20.3,21.3,31.5,23.6,5.2,4.3,0.0,0.0,0.0,0.0,0.0,0.0
West Tripura,289,Tripura,16,18.4,14.2,19.7,16.1,11.4,7.7,18.6,18.4,16.099999999999998,15.399999999999999,10.2,8.6,18.8,23.9,11.3,14.2,8.8,9.8
Wokha,264,Nagaland,13,11.8,8.1,12.7,13.000000000000002,14.7,10.7,13.9,12.4,28.400000000000002,16.5,9.2,10.9,0.0,0.0,0.0,0.0,0.0,0.0
Y.S.R. Cuddapah,551,Andhra Pradesh,28,32.0,19.6,18.1,6.7,19.0,7.3,40.8,27.0,22.0,7.5,18.2,8.4,52.1,39.6,26.9,9.000000000000002,17.3,10.3
Yadgir,580,Karnataka,29,9.2,9.3,7.7,4.5,9.2,7.3,10.9,12.9,11.2,5.299999999999999,8.4,6.8,0.0,0.0,0.0,0.0,0.0,0.0
Yamunanagar,071,Haryana,06,19.2,17.9,20.3,10.200000000000001,7.6,4.9,21.2,19.0,20.2,11.5,6.1,4.9,24.7,20.8,20.0,13.600000000000001,3.4,4.7
Yanam,634,Puducherry,34,0.0,0.0,0.0,0.0,0.0,0.0,35.8,36.2,10.5,10.2,4.0,7.6,35.8,36.2,10.5,10.2,4.0,7.6
Yavatmal,510,Maharashtra,27,12.7,10.6,6.2,6.999999999999999,4.3,4.1,14.4,13.0,6.1,7.4,5.3,3.5,0.0,0.0,0.0,0.0,0.0,0.0
Zunheboto,263,Nagaland,13,7.8,16.8,14.5,14.3,4.5,9.6,10.9,18.5,20.400000000000002,16.5,6.4,9.3,0.0,0.0,0.0,0.0,0.0,0.0
