district,state,district_census_code,state_census_code,total,rural,urban
Kupwara,Jammu & Kashmir,1,1,*,*,
Badgam,Jammu & Kashmir,2,1,*,*,
Leh(Ladakh),Jammu & Kashmir,3,1,*,*,*
Kargil,Jammu & Kashmir,4,1,*,*,
Punch,Jammu & Kashmir,5,1,*,*,
Rajouri,Jammu & Kashmir,6,1,-40,-39.4,
Kathua,Jammu & Kashmir,7,1,-45,*,
Baramula,Jammu & Kashmir,8,1,*,*,
Bandipore,Jammu & Kashmir,9,1,-74.3,-73.3,
Srinagar,Jammu & Kashmir,10,1,*,,*
Ganderbal,Jammu & Kashmir,11,1,*,*,
Pulwama,Jammu & Kashmir,12,1,*,*,
Shupiyan,Jammu & Kashmir,13,1,*,*,
Anantnag,Jammu & Kashmir,14,1,*,*,
Kulgam,Jammu & Kashmir,15,1,*,*,
Doda,Jammu & Kashmir,16,1,*,*,
Ramban,Jammu & Kashmir,17,1,*,*,
Kishtwar,Jammu & Kashmir,18,1,*,*,
Udhampur,Jammu & Kashmir,19,1,*,*,
Reasi,Jammu & Kashmir,20,1,-52,-52.5,
Jammu,Jammu & Kashmir,21,1,*,*,*
Samba,Jammu & Kashmir,22,1,-40.9,*,
Chamba,Himachal Pradesh,23,2,*,*,
Kangra,Himachal Pradesh,24,2,*,*,
Lahul and Spiti,Himachal Pradesh,25,2,*,*,
Kullu,Himachal Pradesh,26,2,*,*,
Mandi,Himachal Pradesh,27,2,*,*,
Hamirpur,Himachal Pradesh,28,2,*,*,
Una,Himachal Pradesh,29,2,*,*,
Bilaspur,Himachal Pradesh,30,2,*,*,
Solan,Himachal Pradesh,31,2,*,*,
Sirmaur,Himachal Pradesh,32,2,-33.4,*,
Shimla,Himachal Pradesh,33,2,*,*,
Kinnaur,Himachal Pradesh,34,2,*,*,
Gurdaspur,Punjab,35,3,*,*,
Kapurthala,Punjab,36,3,*,*,*
Jalandhar,Punjab,37,3,*,*,*
Hoshiarpur,Punjab,38,3,*,*,
Sahid Bhagat Singh Nagar,Punjab,39,3,*,*,*
Fatehgarh Sahib,Punjab,40,3,*,*,*
Ludhiana,Punjab,41,3,*,*,*
Moga,Punjab,42,3,*,*,
Firozpur,Punjab,43,3,*,*,
Muktsar,Punjab,44,3,*,*,
Faridkot,Punjab,45,3,*,*,*
Bathinda,Punjab,46,3,*,*,*
Mansa,Punjab,47,3,*,*,
Patiala,Punjab,48,3,*,*,*
Amritsar,Punjab,49,3,*,*,*
Tarn Taran,Punjab,50,3,*,*,
Rup Nagar,Punjab,51,3,*,*,
Sahibzada Ajit Singh Nagar,Punjab,52,3,*,*,*
Sangrur,Punjab,53,3,*,*,
Barnala,Punjab,54,3,*,*,*
Uttarkashi,Uttarakhand,56,5,*,*,
Chamoli,Uttarakhand,57,5,*,*,
Rudraprayag,Uttarakhand,58,5,*,*,
Tehri Garhwal,Uttarakhand,59,5,*,*,
Dehradun,Uttarakhand,60,5,-55.6,*,*
Garhwal,Uttarakhand,61,5,*,*,
Pithoragarh,Uttarakhand,62,5,*,*,
Bageshwar,Uttarakhand,63,5,*,*,
Almora,Uttarakhand,64,5,-48.9,-47.6,
Champawat,Uttarakhand,65,5,*,*,
Nainital,Uttarakhand,66,5,-39.4,*,*
Udham Singh Nagar,Uttarakhand,67,5,-45.5,*,*
Hardwar,Uttarakhand,68,5,47.1,-50.2,*
Panchkula,Haryana,69,6,*,*,*
Ambala,Haryana,70,6,*,*,*
Yamunanagar,Haryana,71,6,*,*,*
Kurukshetra,Haryana,72,6,*,*,
Kaithal,Haryana,73,6,*,*,
Karnal,Haryana,74,6,-29.3,*,*
Panipat,Haryana,75,6,*,*,*
Sonipat,Haryana,76,6,*,*,*
Jind,Haryana,77,6,*,*,
Fatehabad,Haryana,78,6,-38.8,-39.4,
Sirsa,Haryana,79,6,-30.7,-35.4,
Hisar,Haryana,80,6,*,*,*
Bhiwani,Haryana,81,6,*,*,
Rohtak,Haryana,82,6,*,*,*
Jhajjar,Haryana,83,6,*,*,
Mahendragarh,Haryana,84,6,*,*,
Rewari,Haryana,85,6,*,*,
Gurgaon,Haryana,86,6,*,*,*
Mewat,Haryana,87,6,20.6,22,
Faridabad,Haryana,88,6,*,,*
Palwal,Haryana,89,6,-29.1,*,
North West,NCT Delhi,90,7,*,,*
North,NCT Delhi,91,7,*,,*
North East,NCT Delhi,92,7,*,,*
East,NCT Delhi,93,7,*,,*
New Delhi,NCT Delhi,94,7,*,,*
Central,NCT Delhi,95,7,*,,*
West,NCT Delhi,96,7,*,,*
South West,NCT Delhi,97,7,*,,*
South,NCT Delhi,98,7,*,,*
Ganganagar,Rajasthan,99,8,*,*,
Hanumangarh,Rajasthan,100,8,*,*,
Bikaner,Rajasthan,101,8,30.3,-30.7,*
Churu,Rajasthan,102,8,*,*,
Jhunjhunun,Rajasthan,103,8,*,*,
Alwar,Rajasthan,104,8,-28.1,-21.6,
Bharatpur,Rajasthan,105,8,-40.2,-36.2,
Dhaulpur,Rajasthan,106,8,-25.1,-29.9,
Karauli,Rajasthan,107,8,*,*,
Sawai Madhopur,Rajasthan,108,8,-31.7,-22.9,
Dausa,Rajasthan,109,8,-32.3,*,
Jaipur,Rajasthan,110,8,-42.2,*,*
Sikar,Rajasthan,111,8,*,*,
Nagaur,Rajasthan,112,8,-19.9,*,
Jodhpur,Rajasthan,113,8,-43.9,*,*
Jaisalmer,Rajasthan,114,8,-24.4,-24.4,
Barmer,Rajasthan,115,8,-38.4,-42,
Jalor,Rajasthan,116,8,-27.4,-27.2,
Sirohi,Rajasthan,117,8,-29,*,
Pali,Rajasthan,118,8,*,*,
Ajmer,Rajasthan,119,8,-34.1,*,*
Tonk,Rajasthan,120,8,-29.4,*,
Bundi,Rajasthan,121,8,*,*,
Bhilwara,Rajasthan,122,8,*,*,
Rajsamand,Rajasthan,123,8,-26.9,-24.7,
Dungarpur,Rajasthan,124,8,*,*,
Banswara,Rajasthan,125,8,*,*,
Chittaurgarh,Rajasthan,126,8,*,*,
Kota,Rajasthan,127,8,-36,-32.2,*
Baran,Rajasthan,128,8,*,*,
Jhalawar,Rajasthan,129,8,*,*,
Udaipur,Rajasthan,130,8,-11,-11.4,
Pratapgarh,Rajasthan,131,8,-7.4,-7.4,
Saharanpur,Uttar Pradesh,132,9,44.2,*,-54.4
Muzaffarnagar,Uttar Pradesh,133,9,-30.7,-31.6,
Bijnor,Uttar Pradesh,134,9,-33.9,*,
Moradabad,Uttar Pradesh,135,9,-43.2,-42.3,*
Rampur,Uttar Pradesh,136,9,-50.2,*,
Jyotiba Phule Nagar,Uttar Pradesh,137,9,*,*,
Meerut,Uttar Pradesh,138,9,44.9,-45.3,-44.7
Baghpat,Uttar Pradesh,139,9,*,*,
Ghaziabad,Uttar Pradesh,140,9,43.1,-49.7,-40.3
Gautam Buddha Nagar,Uttar Pradesh,141,9,-43.8,*,*
Bulandshahr,Uttar Pradesh,142,9,-41.4,-38.1,
Aligarh,Uttar Pradesh,143,9,43.1,-32.9,-56.4
Mahamaya Nagar,Uttar Pradesh,144,9,-53.1,-55.2,
Mathura,Uttar Pradesh,145,9,-18.5,*,
Agra,Uttar Pradesh,146,9,32.9,-33.6,*
Firozabad,Uttar Pradesh,147,9,32.9,-29.1,-41.2
Mainpuri,Uttar Pradesh,148,9,-26.4,-26.4,
Budaun,Uttar Pradesh,149,9,-39.6,-45.5,
Bareilly,Uttar Pradesh,150,9,-42.4,*,*
Pilibhit,Uttar Pradesh,151,9,-37.2,*,
Shahjahanpur,Uttar Pradesh,152,9,*,*,
Kheri,Uttar Pradesh,153,9,*,*,
Sitapur,Uttar Pradesh,154,9,-15.5,*,
Hardoi,Uttar Pradesh,155,9,*,*,
Unnao,Uttar Pradesh,156,9,-19.5,*,
Lucknow,Uttar Pradesh,157,9,*,*,*
Rae Bareli,Uttar Pradesh,158,9,-23.4,-21.6,
Farrukhabad,Uttar Pradesh,159,9,-39.3,*,
Kannauj,Uttar Pradesh,160,9,*,*,
Etawah,Uttar Pradesh,161,9,-21.9,-26,
Auraiya,Uttar Pradesh,162,9,-16.8,*,
Kanpur Dehat,Uttar Pradesh,163,9,*,*,
Kanpur Nagar,Uttar Pradesh,164,9,-42.9,*,*
Jalaun,Uttar Pradesh,165,9,*,*,
Jhansi,Uttar Pradesh,166,9,-26.7,*,*
Lalitpur,Uttar Pradesh,167,9,*,*,
Hamirpur,Uttar Pradesh,168,9,*,*,
Mahoba,Uttar Pradesh,169,9,*,*,
Banda,Uttar Pradesh,170,9,*,*,
Chitrakoot,Uttar Pradesh,171,9,-33,-31.6,
Fatehpur,Uttar Pradesh,172,9,*,*,
Pratapgarh,Uttar Pradesh,173,9,*,*,
Kaushambi,Uttar Pradesh,174,9,*,*,
Allahabad,Uttar Pradesh,175,9,-32.5,-19.8,
Bara Banki,Uttar Pradesh,176,9,-15.6,*,
Faizabad,Uttar Pradesh,177,9,*,*,
Ambedkar Nagar,Uttar Pradesh,178,9,*,*,
Sultanpur,Uttar Pradesh,179,9,*,*,
Bahraich,Uttar Pradesh,180,9,-49,-49,
Shrawasti,Uttar Pradesh,181,9,-36.7,-37.6,
Balrampur,Uttar Pradesh,182,9,*,*,
Gonda,Uttar Pradesh,183,9,-25.9,-29,
Siddharthnagar,Uttar Pradesh,184,9,-32.2,-32.2,
Basti,Uttar Pradesh,185,9,*,*,
Sant Kabir Nagar,Uttar Pradesh,186,9,-61,-53.5,
Maharajganj,Uttar Pradesh,187,9,-36.3,-34.7,
Gorakhpur,Uttar Pradesh,188,9,*,*,
Kushinagar,Uttar Pradesh,189,9,-29.7,-29.7,
Deoria,Uttar Pradesh,190,9,*,*,
Azamgarh,Uttar Pradesh,191,9,-38.2,-45.3,
Mau,Uttar Pradesh,192,9,-48.9,*,
Ballia,Uttar Pradesh,193,9,-39.6,-38.7,
Jaunpur,Uttar Pradesh,194,9,-35.7,-34,
Ghazipur,Uttar Pradesh,195,9,-13,-14,
Chandauli,Uttar Pradesh,196,9,-21.5,-19,
Varanasi,Uttar Pradesh,197,9,-37.3,-33.9,*
Sant Ravidas Nagar,Uttar Pradesh,198,9,-34.3,-30.6,
Mirzapur,Uttar Pradesh,199,9,-36.1,-35.2,
Sonbhadra,Uttar Pradesh,200,9,*,*,
Etah,Uttar Pradesh,201,9,-24.2,*,
Kanshiram Nagar,Uttar Pradesh,202,9,-32.9,*,
Pashchim Champaran,Bihar,203,10,-41.4,*,
Purba Champaran,Bihar,204,10,-42.3,-41.2,
Sheohar,Bihar,205,10,-30.9,-29.7,
Sitamarhi,Bihar,206,10,-38.5,-38.3,
Madhubani,Bihar,207,10,-23.8,-19.7,
Supaul,Bihar,208,10,-17.6,-16.4,
Araria,Bihar,209,10,-30.9,-32.1,
Kishanganj,Bihar,210,10,-40.9,-38.7,
Purnia,Bihar,211,10,18.6,-22,
Katihar,Bihar,212,10,-25.6,-24.2,
Madhepura,Bihar,213,10,24.8,26.5,
Saharsa,Bihar,214,10,-14.9,-11,
Darbhanga,Bihar,215,10,-34.1,-33.5,
Muzaffarpur,Bihar,216,10,-33.1,-33.7,
Gopalganj,Bihar,217,10,-37.5,-39.9,
Siwan,Bihar,218,10,-39.9,-42.2,
Saran,Bihar,219,10,-34.9,*,
Vaishali,Bihar,220,10,-19.1,*,
Samastipur,Bihar,221,10,-19.3,-17.1,
Begusarai,Bihar,222,10,-27.9,-29.5,
Khagaria,Bihar,223,10,-25,-24.2,
Bhagalpur,Bihar,224,10,-36.5,-31.9,
Banka,Bihar,225,10,-23.1,-23.6,
Munger,Bihar,226,10,-39.2,-37.9,
Lakhisarai,Bihar,227,10,-36.8,-27.9,
Sheikhpura,Bihar,228,10,-45.1,-45.3,
Nalanda,Bihar,229,10,-29.9,-30,
Patna,Bihar,230,10,32,-17.8,*
Bhojpur,Bihar,231,10,-33.2,-26,
Buxar,Bihar,232,10,-31.4,-32.7,
Kaimur,Bihar,233,10,-23.4,-23.4,
Rohtas,Bihar,234,10,-29.5,-32.8,
Aurangabad,Bihar,235,10,-48.3,-48.3,
Gaya,Bihar,236,10,-27.5,-28.5,
Nawada,Bihar,237,10,-45.4,-47.1,
Jamui,Bihar,238,10,-26.8,-27.7,
Jehanabad,Bihar,239,10,-43.2,*,
Arwal,Bihar,240,10,-44.2,-44.2,
North District,Sikkim,241,11,*,*,
West District,Sikkim,242,11,*,*,
South District,Sikkim,243,11,*,*,
East District,Sikkim,244,11,-58.4,*,*
Tawang,Arunachal Pradesh,245,12,*,*,
West Kameng,Arunachal Pradesh,246,12,*,*,
East Kameng,Arunachal Pradesh,247,12,-48.9,*,
Papumpare,Arunachal Pradesh,248,12,-40.8,*,*
Upper Subansiri,Arunachal Pradesh,249,12,*,*,
West Siang,Arunachal Pradesh,250,12,*,*,
East Siang,Arunachal Pradesh,251,12,*,*,
Upper Siang,Arunachal Pradesh,252,12,*,*,
Changlang,Arunachal Pradesh,253,12,*,*,
Tirap,Arunachal Pradesh,254,12,*,*,
Lower Subansiri,Arunachal Pradesh,255,12,*,*,
Kurung Kumey,Arunachal Pradesh,256,12,*,*,
Dibang Valley,Arunachal Pradesh,257,12,*,*,
Lower Dibang Valley,Arunachal Pradesh,258,12,*,*,
Lohit,Arunachal Pradesh,259,12,*,*,
Anjaw,Arunachal Pradesh,260,12,*,*,
Mon,Nagaland,261,13,-77.1,-73.9,
Mokokchung,Nagaland,262,13,*,*,
Zunheboto,Nagaland,263,13,*,*,
Wokha,Nagaland,264,13,*,*,
Dimapur,Nagaland,265,13,-75.3,*,*
Phek,Nagaland,266,13,*,*,
Tuensang,Nagaland,267,13,-48.6,*,
Longleng,Nagaland,268,13,*,*,
Kiphire,Nagaland,269,13,*,*,
Kohima,Nagaland,270,13,-59.2,*,*
Peren,Nagaland,271,13,-75.9,-71.6,
Senapati,Manipur,272,14,-80.6,-80.6,
Tamenglong,Manipur,273,14,-86.2,-86,
Churachandpur,Manipur,274,14,*,*,
Bishnupur,Manipur,275,14,83.7,-74,-94
Thoubal,Manipur,276,14,77.1,-76.7,-77.9
Imphal West,Manipur,277,14,-76.1,*,*
Imphal East,Manipur,278,14,-77.5,*,*
Ukhrul,Manipur,279,14,-84.1,-89,
Chandel,Manipur,280,14,*,*,
Mamit,Mizoram,281,15,*,*,
Kolasib,Mizoram,282,15,-81.8,*,*
Aizawl,Mizoram,283,15,*,,*
Champhai,Mizoram,284,15,-71.8,*,*
Serchhip,Mizoram,285,15,-78.6,*,*
Lunglei,Mizoram,286,15,-66.5,*,*
Lawngtlai,Mizoram,287,15,*,*,
Saiha,Mizoram,288,15,-77.4,-84.6,*
West Tripura,Tripura,289,16,-18.1,*,*
South Tripura,Tripura,290,16,*,*,
Dhalai,Tripura,291,16,*,*,
North Tripura,Tripura,292,16,*,*,
West Garo Hills,Meghalaya,293,17,*,*,
East Garo Hills,Meghalaya,294,17,*,*,
South Garo Hills,Meghalaya,295,17,*,*,
West Khasi Hills,Meghalaya,296,17,-79.5,-79.9,
Ribhoi,Meghalaya,297,17,-61.4,-60.7,
East Khasi Hills,Meghalaya,298,17,-60.1,-53.8,*
Jaintia Hills,Meghalaya,299,17,-61,-61.5,
Kokrajhar,Assam,300,18,*,*,
Dhubri,Assam,301,18,*,*,
Goalpara,Assam,302,18,*,*,
Barpeta,Assam,303,18,*,*,
Morigaon,Assam,304,18,*,*,
Nagaon,Assam,305,18,*,*,
Sonitpur,Assam,306,18,*,*,
Lakhimpur,Assam,307,18,*,*,
Dhemaji,Assam,308,18,*,*,
Tinsukia,Assam,309,18,*,*,
Dibrugarh,Assam,310,18,*,*,
Sivasagar,Assam,311,18,*,*,
Jorhat,Assam,312,18,*,*,
Golaghat,Assam,313,18,*,*,
Karbi Anglong,Assam,314,18,*,*,
Dima Hasao,Assam,315,18,*,*,
Cachar,Assam,316,18,*,*,
Karimganj,Assam,317,18,*,*,
Hailakandi,Assam,318,18,*,*,
Bongaigaon,Assam,319,18,*,*,
Chirang,Assam,320,18,*,*,
Kamrup,Assam,321,18,*,*,
Kamrup Metropolitan,Assam,322,18,*,,*
Nalbari,Assam,323,18,*,*,
Baksa,Assam,324,18,*,*,
Darrang,Assam,325,18,*,*,
Udalguri,Assam,326,18,*,*,
Darjiling,West Bengal,327,19,*,*,*
Jalpaiguri,West Bengal,328,19,*,*,
Koch Bihar,West Bengal,329,19,*,*,
Uttar Dinajpur,West Bengal,330,19,*,*,
Dakshin Dinajpur,West Bengal,331,19,*,*,
Maldah,West Bengal,332,19,*,*,
Murshidabad,West Bengal,333,19,*,*,
Birbhum,West Bengal,334,19,*,*,
Barddhaman,West Bengal,335,19,*,*,*
Nadia,West Bengal,336,19,*,*,
North Twenty Four Parganas,West Bengal,337,19,*,*,*
Hugli,West Bengal,338,19,*,*,*
Bankura,West Bengal,339,19,*,*,
Puruliya,West Bengal,340,19,-61.9,-69.6,
Haora,West Bengal,341,19,*,*,*
Kolkata,West Bengal,342,19,*,,*
South Twenty Four Parganas,West Bengal,343,19,*,*,
Paschim Medinipur,West Bengal,344,19,*,*,
Purba Medinipur,West Bengal,345,19,*,*,
Garhwa,Jharkhand,346,20,-48.1,-48.1,
Chatra,Jharkhand,347,20,-63.9,-64.9,
Kodarma,Jharkhand,348,20,*,*,
Giridih,Jharkhand,349,20,*,*,
Deoghar,Jharkhand,350,20,*,*,
Godda,Jharkhand,351,20,*,*,
Sahibganj,Jharkhand,352,20,*,*,
Pakur,Jharkhand,353,20,*,*,
Dhanbad,Jharkhand,354,20,*,*,*
Bokaro,Jharkhand,355,20,-62.5,*,*
Lohardaga,Jharkhand,356,20,*,*,
Purbi Singhbhum,Jharkhand,357,20,-43.1,*,*
Palamu,Jharkhand,358,20,*,*,
Latehar,Jharkhand,359,20,*,*,
Hazaribagh,Jharkhand,360,20,*,*,
Ramgarh,Jharkhand,361,20,-46,*,*
Dumka,Jharkhand,362,20,*,*,
Jamtara,Jharkhand,363,20,-42.4,*,
Ranchi,Jharkhand,364,20,-60.5,*,*
Khunti,Jharkhand,365,20,-29.3,-29.3,
Gumla,Jharkhand,366,20,*,*,
Simdega,Jharkhand,367,20,*,*,
Pashchimi Singhbhum,Jharkhand,368,20,*,*,
Saraikela Kharsawan,Jharkhand,369,20,*,*,
Bargarh,Odisha,370,21,*,*,
Jharsuguda,Odisha,371,21,-50.2,*,*
Sambalpur,Odisha,372,21,*,*,
Debagarh,Odisha,373,21,*,*,
Sundargarh,Odisha,374,21,-65.5,-63.6,*
Kendujhar,Odisha,375,21,*,*,
Mayurbhanj,Odisha,376,21,*,*,
Baleshwar,Odisha,377,21,*,*,
Bhadrak,Odisha,378,21,*,*,
Kendrapara,Odisha,379,21,-47.2,*,
Jagatsinghapur,Odisha,380,21,*,*,
Cuttack,Odisha,381,21,*,*,
Jajapur,Odisha,382,21,*,*,
Dhenkanal,Odisha,383,21,*,*,
Anugul,Odisha,384,21,*,*,
Nayagarh,Odisha,385,21,*,*,
Khordha,Odisha,386,21,-62.5,*,*
Puri,Odisha,387,21,*,*,
Ganjam,Odisha,388,21,*,*,
Gajapati,Odisha,389,21,*,*,
Kandhamal,Odisha,390,21,*,*,
Baudh,Odisha,391,21,*,*,
Subarnapur,Odisha,392,21,*,*,
Balangir,Odisha,393,21,*,*,
Nuapada,Odisha,394,21,*,*,
Kalahandi,Odisha,395,21,*,*,
Rayagada,Odisha,396,21,*,*,
Nabarangapur,Odisha,397,21,*,*,
Koraput,Odisha,398,21,*,*,
Malkangiri,Odisha,399,21,*,*,
Korea,Chhattisgarh,400,22,-68.3,*,*
Surguja,Chhattisgarh,401,22,-75.1,-74.3,
Jashpur,Chhattisgarh,402,22,-48.1,-49.6,
Raigarh,Chhattisgarh,403,22,*,*,
Korba,Chhattisgarh,404,22,-61.1,-65.1,*
Janjgir Champa,Chhattisgarh,405,22,*,*,
Bilaspur,Chhattisgarh,406,22,*,*,
Kabirdham,Chhattisgarh,407,22,*,*,
Rajnandgaon,Chhattisgarh,408,22,*,*,
Durg,Chhattisgarh,409,22,-48.8,*,*
Raipur,Chhattisgarh,410,22,-63,-65.2,*
Mahasamund,Chhattisgarh,411,22,*,*,
Dhamtari,Chhattisgarh,412,22,*,*,
Uttar Bastar Kanker,Chhattisgarh,413,22,*,*,
Bastar,Chhattisgarh,414,22,*,*,
Narayanpur,Chhattisgarh,415,22,*,*,
Dakshin Bastar Dantewada,Chhattisgarh,416,22,*,*,
Bijapur,Chhattisgarh,417,22,*,*,
Sheopur,Madhya Pradesh,418,23,-21.4,*,
Morena,Madhya Pradesh,419,23,-27.3,*,
Bhind,Madhya Pradesh,420,23,*,*,
Gwalior,Madhya Pradesh,421,23,-40.7,-31.6,*
Datia,Madhya Pradesh,422,23,*,*,
Shivpuri,Madhya Pradesh,423,23,*,*,
Tikamgarh,Madhya Pradesh,424,23,*,*,
Chhatarpur,Madhya Pradesh,425,23,*,*,
Panna,Madhya Pradesh,426,23,-30.5,-30.5,
Sagar,Madhya Pradesh,427,23,*,*,
Damoh,Madhya Pradesh,428,23,*,*,
Satna,Madhya Pradesh,429,23,*,*,
Rewa,Madhya Pradesh,430,23,-45.6,*,
Umaria,Madhya Pradesh,431,23,*,*,
Neemuch,Madhya Pradesh,432,23,*,*,
Mandsaur,Madhya Pradesh,433,23,-19.6,*,
Ratlam,Madhya Pradesh,434,23,*,*,
Ujjain,Madhya Pradesh,435,23,-39.4,*,*
Shajapur,Madhya Pradesh,436,23,*,*,
Dewas,Madhya Pradesh,437,23,*,*,
Dhar,Madhya Pradesh,438,23,-47.8,-35.1,
Indore,Madhya Pradesh,439,23,-60.9,,-59.4
Khargone (West Nimar),Madhya Pradesh,440,23,-40.1,*,
Barwani,Madhya Pradesh,441,23,-26.1,-24.4,
Rajgarh,Madhya Pradesh,442,23,*,*,
Vidisha,Madhya Pradesh,443,23,*,*,
Bhopal,Madhya Pradesh,444,23,*,,*
Sehore,Madhya Pradesh,445,23,*,*,
Raisen,Madhya Pradesh,446,23,-22.5,*,
Betul,Madhya Pradesh,447,23,*,*,
Harda,Madhya Pradesh,448,23,*,*,
Hoshangabad,Madhya Pradesh,449,23,-26.8,*,*
Katni,Madhya Pradesh,450,23,*,*,
Jabalpur,Madhya Pradesh,451,23,-49.2,*,*
Narsimhapur,Madhya Pradesh,452,23,*,*,
Dindori,Madhya Pradesh,453,23,*,*,
Mandla,Madhya Pradesh,454,23,*,*,
Chhindwara,Madhya Pradesh,455,23,*,*,
Seoni,Madhya Pradesh,456,23,*,*,
Balaghat,Madhya Pradesh,457,23,*,*,
Guna,Madhya Pradesh,458,23,-16.8,*,
Ashoknagar,Madhya Pradesh,459,23,*,*,
Shahdol,Madhya Pradesh,460,23,*,*,
Anuppur,Madhya Pradesh,461,23,*,*,
Sidhi,Madhya Pradesh,462,23,-30.4,-30.4,
Singrauli,Madhya Pradesh,463,23,-39.3,-46.8,
Jhabua,Madhya Pradesh,464,23,-26.8,-27.7,
Alirajpur,Madhya Pradesh,465,23,-37.1,-40.2,
Khandwa (East Nimar),Madhya Pradesh,466,23,-36,-39.4,
Burhanpur,Madhya Pradesh,467,23,-15.7,*,*
Kachchh,Gujarat,468,24,*,*,*
Banaskantha,Gujarat,469,24,*,*,
Patan,Gujarat,470,24,*,*,
Mahesena,Gujarat,471,24,*,*,
Sabarkantha,Gujarat,472,24,*,*,
Gandhinagar,Gujarat,473,24,*,*,*
Ahmadabad,Gujarat,474,24,*,,*
Surendranagar,Gujarat,475,24,*,*,
Rajkot,Gujarat,476,24,*,*,*
Jamnagar,Gujarat,477,24,*,*,*
Porbandar,Gujarat,478,24,*,*,*
Junagadh,Gujarat,479,24,*,*,*
Amreli,Gujarat,480,24,*,*,
Bhavnagar,Gujarat,481,24,*,*,*
Anand,Gujarat,482,24,*,*,*
Kheda,Gujarat,483,24,*,*,
Panchmahal,Gujarat,484,24,*,*,
Dohad,Gujarat,485,24,*,*,
Vadodara,Gujarat,486,24,*,*,*
Narmada,Gujarat,487,24,-29.6,-30.8,
Bharuch,Gujarat,488,24,*,*,*
The Dangs,Gujarat,489,24,*,*,
Navsari,Gujarat,490,24,*,*,*
Valsad,Gujarat,491,24,*,*,*
Surat,Gujarat,492,24,*,,*
Tapi,Gujarat,493,24,*,*,
Diu,Daman & Diu,494,25,*,*,*
Daman,Daman & Diu,495,25,*,,*
Nandurbar,Maharashtra,497,27,*,*,
Dhule,Maharashtra,498,27,*,*,
Jalgaon,Maharashtra,499,27,*,*,*
Buldhana,Maharashtra,500,27,*,*,
Akola,Maharashtra,501,27,*,*,*
Washim,Maharashtra,502,27,*,*,
Amravati,Maharashtra,503,27,*,*,*
Wardha,Maharashtra,504,27,*,*,*
Nagpur,Maharashtra,505,27,*,*,*
Bhandara,Maharashtra,506,27,*,*,
Gondiya,Maharashtra,507,27,*,*,
Gadchiroli,Maharashtra,508,27,*,*,
Chandrapur,Maharashtra,509,27,*,*,*
Yavatmal,Maharashtra,510,27,*,*,
Nanded,Maharashtra,511,27,*,*,
Hingoli,Maharashtra,512,27,*,*,
Parbhani,Maharashtra,513,27,*,*,*
Jalna,Maharashtra,514,27,*,*,
Aurangabad,Maharashtra,515,27,*,*,*
Nashik,Maharashtra,516,27,*,*,*
Thane,Maharashtra,517,27,*,,*
Mumbai Suburban,Maharashtra,518,27,*,,*
Mumbai,Maharashtra,519,27,*,,*
Raigarh,Maharashtra,520,27,*,*,*
Pune,Maharashtra,521,27,*,*,*
Ahmednagar,Maharashtra,522,27,*,*,
Bid,Maharashtra,523,27,*,*,
Latur,Maharashtra,524,27,*,*,
Osmanabad,Maharashtra,525,27,*,*,
Solapur,Maharashtra,526,27,*,*,*
Satara,Maharashtra,527,27,*,*,
Ratnagiri,Maharashtra,528,27,*,*,
Sindhudurg,Maharashtra,529,27,*,*,
Kolhapur,Maharashtra,530,27,*,*,*
Sangli,Maharashtra,531,27,*,*,
Adilabad,Telangana,532,28,*,*,
Nizamabad,Telangana,533,28,*,*,
Karimnagar,Telangana,534,28,*,*,
Medak,Telangana,535,28,*,*,
Hyderabad,Telangana,536,28,*,,*
Rangareddy,Telangana,537,28,*,,*
Mahbubnagar,Telangana,538,28,*,*,
Nalgonda,Telangana,539,28,*,*,
Warangal,Telangana,540,28,*,*,
Khammam,Telangana,541,28,*,*,
Srikakulam,Andhra Pradesh,542,28,*,*,
Vizianagaram,Andhra Pradesh,543,28,*,*,
Visakhapatnam,Andhra Pradesh,544,28,*,*,*
East Godavari,Andhra Pradesh,545,28,*,*,
West Godavari,Andhra Pradesh,546,28,*,*,
Krishna,Andhra Pradesh,547,28,*,*,*
Guntur,Andhra Pradesh,548,28,*,*,*
Prakasam,Andhra Pradesh,549,28,*,*,
Sri Potti Sriramulu Nellore,Andhra Pradesh,550,28,*,*,
Y.S.R. Cuddapah,Andhra Pradesh,551,28,*,*,*
Kurnool,Andhra Pradesh,552,28,*,*,
Anantapur,Andhra Pradesh,553,28,*,*,
Chittoor,Andhra Pradesh,554,28,*,*,
Belgaum,Karnataka,555,29,*,*,
Bagalkot,Karnataka,556,29,*,*,*
Bijapur,Karnataka,557,29,*,*,
Bidar,Karnataka,558,29,*,*,
Raichur,Karnataka,559,29,*,*,
Koppal,Karnataka,560,29,*,*,
Gadag,Karnataka,561,29,*,*,*
Dharwad,Karnataka,562,29,*,*,*
Uttara Kannada,Karnataka,563,29,*,*,
Haveri,Karnataka,564,29,*,*,
Bellary,Karnataka,565,29,*,*,*
Chitradurga,Karnataka,566,29,*,*,
Davanagere,Karnataka,567,29,*,*,*
Shimoga,Karnataka,568,29,*,*,*
Udupi,Karnataka,569,29,*,*,
Chikmagalur,Karnataka,570,29,*,*,
Tumkur,Karnataka,571,29,*,*,
Bangalore,Karnataka,572,29,*,,*
Mandya,Karnataka,573,29,*,*,
Hassan,Karnataka,574,29,*,*,
Dakshina Kannada,Karnataka,575,29,*,*,*
Kodagu,Karnataka,576,29,*,*,
Mysore,Karnataka,577,29,*,*,*
Chamarajanagar,Karnataka,578,29,*,*,
Gulbarga,Karnataka,579,29,*,*,*
Yadgir,Karnataka,580,29,*,*,
Kolar,Karnataka,581,29,*,*,*
Chikkaballapura,Karnataka,582,29,*,*,
Bangalore Rural,Karnataka,583,29,*,*,
Ramanagara,Karnataka,584,29,*,*,
North Goa,Goa,585,30,*,*,*
South Goa,Goa,586,30,*,*,*
Kasaragod,Kerala,588,32,*,*,*
Kannur,Kerala,589,32,*,*,*
Wayanad,Kerala,590,32,*,*,
Kozhikode,Kerala,591,32,*,*,*
Malappuram,Kerala,592,32,*,*,*
Palakkad,Kerala,593,32,*,*,
Thrissur,Kerala,594,32,*,*,*
Ernakulam,Kerala,595,32,*,*,*
Idukki,Kerala,596,32,*,*,
Kottayam,Kerala,597,32,*,*,
Alappuzha,Kerala,598,32,*,*,*
Pathanamthitta,Kerala,599,32,*,*,
Kollam,Kerala,600,32,*,*,*
Thiruvananthapuram,Kerala,601,32,*,*,*
Thiruvallur,Tamil Nadu,602,33,*,*,*
Chennai,Tamil Nadu,603,33,*,,*
Kancheepuram,Tamil Nadu,604,33,*,*,*
Vellore,Tamil Nadu,605,33,*,*,*
Tiruvannamalai,Tamil Nadu,606,33,*,*,
Viluppuram,Tamil Nadu,607,33,*,*,
Salem,Tamil Nadu,608,33,*,*,*
Namakkal,Tamil Nadu,609,33,*,*,*
Erode,Tamil Nadu,610,33,*,*,*
The Nilgiris,Tamil Nadu,611,33,*,*,*
Dindigul,Tamil Nadu,612,33,*,*,*
Karur,Tamil Nadu,613,33,*,*,*
Tiruchirappalli,Tamil Nadu,614,33,*,*,*
Perambalur,Tamil Nadu,615,33,*,*,
Ariyalur,Tamil Nadu,616,33,*,*,
Cuddalore,Tamil Nadu,617,33,*,*,*
Nagapattinam,Tamil Nadu,618,33,*,*,
Thiruvarur,Tamil Nadu,619,33,*,*,
Thanjavur,Tamil Nadu,620,33,*,*,*
Pudukkottai,Tamil Nadu,621,33,*,*,
Sivaganga,Tamil Nadu,622,33,*,*,*
Madurai,Tamil Nadu,623,33,*,*,*
Theni,Tamil Nadu,624,33,*,*,*
Virudhunagar,Tamil Nadu,625,33,*,*,*
Ramanathapuram,Tamil Nadu,626,33,*,*,*
Thoothukkudi,Tamil Nadu,627,33,*,*,*
Tirunelveli,Tamil Nadu,628,33,*,*,*
Kanniyakumari,Tamil Nadu,629,33,*,,*
Dharmapuri,Tamil Nadu,630,33,*,*,
Krishnagiri,Tamil Nadu,631,33,*,*,
Coimbatore,Tamil Nadu,632,33,*,,*
Tiruppur,Tamil Nadu,633,33,*,*,*
Yanam,Puducherry,634,34,*,,*
Puducherry,Puducherry,635,34,*,*,*
Mahe,Puducherry,636,34,*,,*
Karaikal,Puducherry,637,34,*,*,*
Nicobar,Andaman & Nicobar Islands,638,35,*,*,
North & Middle Andaman,Andaman & Nicobar Islands,639,35,*,*,
South Andaman,Andaman & Nicobar Islands,640,35,*,*,*