district,state,district_census_code,state_census_code,total,rural,urban
Kupwara,Jammu & Kashmir,1,1,98.1,97.8,
Badgam,Jammu & Kashmir,2,1,96.4,95.8,
Leh(Ladakh),Jammu & Kashmir,3,1,97.9,-96.3,-100
Kargil,Jammu & Kashmir,4,1,98.9,98.6,
Punch,Jammu & Kashmir,5,1,97.8,97.7,
Rajouri,Jammu & Kashmir,6,1,88.4,89.1,
Kathua,Jammu & Kashmir,7,1,95.6,95.3,
Baramula,Jammu & Kashmir,8,1,97.4,96.7,
Bandipore,Jammu & Kashmir,9,1,97.7,96.7,
Srinagar,Jammu & Kashmir,10,1,-96.7,,-96.6
Ganderbal,Jammu & Kashmir,11,1,96.2,95.6,
Pulwama,Jammu & Kashmir,12,1,100,100,
Shupiyan,Jammu & Kashmir,13,1,98.6,98.5,
Anantnag,Jammu & Kashmir,14,1,98.7,97.9,
Kulgam,Jammu & Kashmir,15,1,97.6,97.2,
Doda,Jammu & Kashmir,16,1,79.9,78.3,
Ramban,Jammu & Kashmir,17,1,88.6,88.4,
Kishtwar,Jammu & Kashmir,18,1,93.2,92.4,
Udhampur,Jammu & Kashmir,19,1,97.2,96.9,
Reasi,Jammu & Kashmir,20,1,96.5,96.1,
Jammu,Jammu & Kashmir,21,1,-98.3,*,-100
Samba,Jammu & Kashmir,22,1,84.1,84.3,
Chamba,Himachal Pradesh,23,2,93.5,93.4,
Kangra,Himachal Pradesh,24,2,-95.2,-95.2,
Lahul and Spiti,Himachal Pradesh,25,2,-91.7,-91.7,
Kullu,Himachal Pradesh,26,2,96,-97.9,
Mandi,Himachal Pradesh,27,2,98.5,98.4,
Hamirpur,Himachal Pradesh,28,2,88.3,-89.4,
Una,Himachal Pradesh,29,2,94.1,93.9,
Bilaspur,Himachal Pradesh,30,2,-92.7,-92.3,
Solan,Himachal Pradesh,31,2,-91.4,-94.6,
Sirmaur,Himachal Pradesh,32,2,90.8,92.6,
Shimla,Himachal Pradesh,33,2,-100,-100,
Kinnaur,Himachal Pradesh,34,2,-100,-100,
Gurdaspur,Punjab,35,3,100,-100,
Kapurthala,Punjab,36,3,-100,*,-100
Jalandhar,Punjab,37,3,-100,*,-100
Hoshiarpur,Punjab,38,3,-97.8,-97.5,
Sahid Bhagat Singh Nagar,Punjab,39,3,-97.8,-97.4,*
Fatehgarh Sahib,Punjab,40,3,96.4,-95.8,-97.7
Ludhiana,Punjab,41,3,-94.6,*,*
Moga,Punjab,42,3,100,-100,
Firozpur,Punjab,43,3,96.7,-95.3,
Muktsar,Punjab,44,3,98.3,-97.6,
Faridkot,Punjab,45,3,100,-100,-100
Bathinda,Punjab,46,3,-95,*,*
Mansa,Punjab,47,3,97.1,-100,
Patiala,Punjab,48,3,100,-100,-100
Amritsar,Punjab,49,3,98.5,-97.5,*
Tarn Taran,Punjab,50,3,100,100,
Rup Nagar,Punjab,51,3,-100,-100,
Sahibzada Ajit Singh Nagar,Punjab,52,3,98.4,-95.9,-100
Sangrur,Punjab,53,3,98,-97,
Barnala,Punjab,54,3,-100,*,*
Uttarkashi,Uttarakhand,56,5,95.1,95,
Chamoli,Uttarakhand,57,5,93.2,92.2,
Rudraprayag,Uttarakhand,58,5,95.5,95.3,
Tehri Garhwal,Uttarakhand,59,5,98.5,98.4,
Dehradun,Uttarakhand,60,5,94,96.2,-91.1
Garhwal,Uttarakhand,61,5,96.4,-96,
Pithoragarh,Uttarakhand,62,5,-96.8,-96.1,
Bageshwar,Uttarakhand,63,5,89.6,89.3,
Almora,Uttarakhand,64,5,97.8,-97.6,
Champawat,Uttarakhand,65,5,98.9,98.6,
Nainital,Uttarakhand,66,5,91.6,87.5,98.1
Udham Singh Nagar,Uttarakhand,67,5,93.1,97.1,88.2
Hardwar,Uttarakhand,68,5,88.2,89.2,86.5
Panchkula,Haryana,69,6,-100,-100,*
Ambala,Haryana,70,6,100,-100,*
Yamunanagar,Haryana,71,6,-100,*,*
Kurukshetra,Haryana,72,6,100,100,
Kaithal,Haryana,73,6,98.5,98.1,
Karnal,Haryana,74,6,100,-100,-100
Panipat,Haryana,75,6,-100,*,-100
Sonipat,Haryana,76,6,96.6,-96.3,-97
Jind,Haryana,77,6,97.7,97.2,
Fatehabad,Haryana,78,6,98.7,98.2,
Sirsa,Haryana,79,6,100,100,
Hisar,Haryana,80,6,96.9,-97.4,*
Bhiwani,Haryana,81,6,96.6,97.7,
Rohtak,Haryana,82,6,99,98.5,-100
Jhajjar,Haryana,83,6,97.2,-97.8,
Mahendragarh,Haryana,84,6,100,100,
Rewari,Haryana,85,6,94,-97.9,
Gurgaon,Haryana,86,6,98.5,-93.4,-100
Mewat,Haryana,87,6,62.3,59.1,
Faridabad,Haryana,88,6,84.7,,-83.4
Palwal,Haryana,89,6,68.6,66.7,
North West,NCT Delhi,90,7,-100,,-100
North,NCT Delhi,91,7,-91.3,,-91.1
North East,NCT Delhi,92,7,88.9,,88.9
East,NCT Delhi,93,7,-97.2,,-97.2
New Delhi,NCT Delhi,94,7,*,,*
Central,NCT Delhi,95,7,-92.8,,-92.8
West,NCT Delhi,96,7,*,,*
South West,NCT Delhi,97,7,-94.2,,-93.7
South,NCT Delhi,98,7,-95.1,,-95.1
Ganganagar,Rajasthan,99,8,97.8,98.3,
Hanumangarh,Rajasthan,100,8,92.2,88.8,
Bikaner,Rajasthan,101,8,87.3,84.1,94.5
Churu,Rajasthan,102,8,94.1,95.3,
Jhunjhunun,Rajasthan,103,8,94.6,96.1,
Alwar,Rajasthan,104,8,80.7,80.5,
Bharatpur,Rajasthan,105,8,77.5,73.6,
Dhaulpur,Rajasthan,106,8,90.8,92.9,
Karauli,Rajasthan,107,8,92.8,92.2,
Sawai Madhopur,Rajasthan,108,8,82.7,84.1,
Dausa,Rajasthan,109,8,96.1,95.6,
Jaipur,Rajasthan,110,8,98,95.2,100
Sikar,Rajasthan,111,8,90.7,89.2,
Nagaur,Rajasthan,112,8,83.9,81.7,
Jodhpur,Rajasthan,113,8,84.9,80.4,94.4
Jaisalmer,Rajasthan,114,8,81.3,81.7,
Barmer,Rajasthan,115,8,68.8,68.8,
Jalor,Rajasthan,116,8,74.1,72.6,
Sirohi,Rajasthan,117,8,76.8,76.8,
Pali,Rajasthan,118,8,93.5,93.8,
Ajmer,Rajasthan,119,8,93.8,91.4,98.6
Tonk,Rajasthan,120,8,98.7,98.3,
Bundi,Rajasthan,121,8,95.8,95.1,
Bhilwara,Rajasthan,122,8,96.2,96.2,
Rajsamand,Rajasthan,123,8,97.5,97.2,
Dungarpur,Rajasthan,124,8,93.7,93.5,
Banswara,Rajasthan,125,8,90.2,90.6,
Chittaurgarh,Rajasthan,126,8,-95.8,-95.2,
Kota,Rajasthan,127,8,97.8,98.7,97.2
Baran,Rajasthan,128,8,99,98.8,
Jhalawar,Rajasthan,129,8,96.7,96.3,
Udaipur,Rajasthan,130,8,80.5,77.6,
Pratapgarh,Rajasthan,131,8,97.5,97.4,
Saharanpur,Uttar Pradesh,132,9,92,93.4,88.6
Muzaffarnagar,Uttar Pradesh,133,9,88.4,89,
Bijnor,Uttar Pradesh,134,9,95.3,96.6,
Moradabad,Uttar Pradesh,135,9,85.4,85.3,85.5
Rampur,Uttar Pradesh,136,9,98.4,97.8,
Jyotiba Phule Nagar,Uttar Pradesh,137,9,93.1,93,
Meerut,Uttar Pradesh,138,9,88.1,93.7,84.2
Baghpat,Uttar Pradesh,139,9,94.9,96.5,
Ghaziabad,Uttar Pradesh,140,9,90.7,88.5,91.8
Gautam Buddha Nagar,Uttar Pradesh,141,9,93.1,97.3,90.9
Bulandshahr,Uttar Pradesh,142,9,91.3,91.3,
Aligarh,Uttar Pradesh,143,9,94.6,94.3,95.3
Mahamaya Nagar,Uttar Pradesh,144,9,90.1,89.5,
Mathura,Uttar Pradesh,145,9,90.4,91.4,
Agra,Uttar Pradesh,146,9,94.8,95.2,94.2
Firozabad,Uttar Pradesh,147,9,91.8,89.7,95.3
Mainpuri,Uttar Pradesh,148,9,88.1,90.2,
Budaun,Uttar Pradesh,149,9,88.8,91.1,
Bareilly,Uttar Pradesh,150,9,82.4,84.8,77.8
Pilibhit,Uttar Pradesh,151,9,96.8,97.3,
Shahjahanpur,Uttar Pradesh,152,9,90.6,91.8,
Kheri,Uttar Pradesh,153,9,89.9,89.9,
Sitapur,Uttar Pradesh,154,9,87.3,88.7,
Hardoi,Uttar Pradesh,155,9,80.6,79.5,
Unnao,Uttar Pradesh,156,9,86.5,86.6,
Lucknow,Uttar Pradesh,157,9,92.8,91,-94.5
Rae Bareli,Uttar Pradesh,158,9,95,97.3,
Farrukhabad,Uttar Pradesh,159,9,79.8,78.6,
Kannauj,Uttar Pradesh,160,9,86.7,88.3,
Etawah,Uttar Pradesh,161,9,86.1,89.5,
Auraiya,Uttar Pradesh,162,9,81.4,87.3,
Kanpur Dehat,Uttar Pradesh,163,9,96.2,98.5,
Kanpur Nagar,Uttar Pradesh,164,9,95.4,95.2,-95.6
Jalaun,Uttar Pradesh,165,9,85,-86.9,
Jhansi,Uttar Pradesh,166,9,98.5,98.3,98.9
Lalitpur,Uttar Pradesh,167,9,95.6,96.5,
Hamirpur,Uttar Pradesh,168,9,-82.6,-86,
Mahoba,Uttar Pradesh,169,9,95.6,96.4,
Banda,Uttar Pradesh,170,9,94.5,-93.1,
Chitrakoot,Uttar Pradesh,171,9,95,95.9,
Fatehpur,Uttar Pradesh,172,9,87,91,
Pratapgarh,Uttar Pradesh,173,9,89.1,88.7,
Kaushambi,Uttar Pradesh,174,9,88.5,89.3,
Allahabad,Uttar Pradesh,175,9,90.1,88,
Bara Banki,Uttar Pradesh,176,9,90.4,91.8,
Faizabad,Uttar Pradesh,177,9,90.9,94.9,
Ambedkar Nagar,Uttar Pradesh,178,9,93.2,93.3,
Sultanpur,Uttar Pradesh,179,9,87.8,88.5,
Bahraich,Uttar Pradesh,180,9,44,42,
Shrawasti,Uttar Pradesh,181,9,58.1,56.2,
Balrampur,Uttar Pradesh,182,9,54.2,55.6,
Gonda,Uttar Pradesh,183,9,74.6,73.8,
Siddharthnagar,Uttar Pradesh,184,9,78.6,79,
Basti,Uttar Pradesh,185,9,91.1,90.8,
Sant Kabir Nagar,Uttar Pradesh,186,9,89.1,89.1,
Maharajganj,Uttar Pradesh,187,9,87.4,87.7,
Gorakhpur,Uttar Pradesh,188,9,96.8,96.3,
Kushinagar,Uttar Pradesh,189,9,82.9,81.7,
Deoria,Uttar Pradesh,190,9,93,92.1,
Azamgarh,Uttar Pradesh,191,9,84.1,82.4,
Mau,Uttar Pradesh,192,9,88.2,92.1,
Ballia,Uttar Pradesh,193,9,85.4,85.1,
Jaunpur,Uttar Pradesh,194,9,91,90.5,
Ghazipur,Uttar Pradesh,195,9,90.9,91.3,
Chandauli,Uttar Pradesh,196,9,90.9,89.3,
Varanasi,Uttar Pradesh,197,9,93.3,97,86.4
Sant Ravidas Nagar,Uttar Pradesh,198,9,86.8,91.1,
Mirzapur,Uttar Pradesh,199,9,90.6,90,
Sonbhadra,Uttar Pradesh,200,9,80.4,78.4,
Etah,Uttar Pradesh,201,9,83.1,84.9,
Kanshiram Nagar,Uttar Pradesh,202,9,88.8,88.4,
Pashchim Champaran,Bihar,203,10,74.3,73.3,
Purba Champaran,Bihar,204,10,84.9,86.3,
Sheohar,Bihar,205,10,94.6,95.3,
Sitamarhi,Bihar,206,10,87.4,87.4,
Madhubani,Bihar,207,10,91.9,93,
Supaul,Bihar,208,10,93.7,93.4,
Araria,Bihar,209,10,89.6,89.5,
Kishanganj,Bihar,210,10,85.9,85.8,
Purnia,Bihar,211,10,95.9,95.4,
Katihar,Bihar,212,10,96.5,96.3,
Madhepura,Bihar,213,10,95.4,95.3,
Saharsa,Bihar,214,10,96.8,96.9,
Darbhanga,Bihar,215,10,91.5,91.2,
Muzaffarpur,Bihar,216,10,90.1,89.6,
Gopalganj,Bihar,217,10,93,93.3,
Siwan,Bihar,218,10,85,85.2,
Saran,Bihar,219,10,87.9,88.3,
Vaishali,Bihar,220,10,93.4,93.2,
Samastipur,Bihar,221,10,89.3,89.7,
Begusarai,Bihar,222,10,99.5,100,
Khagaria,Bihar,223,10,97.5,97.5,
Bhagalpur,Bihar,224,10,98.3,98.6,
Banka,Bihar,225,10,97,96.8,
Munger,Bihar,226,10,94,92.4,
Lakhisarai,Bihar,227,10,89.3,88.3,
Sheikhpura,Bihar,228,10,91.7,92.2,
Nalanda,Bihar,229,10,94.5,93.5,
Patna,Bihar,230,10,88.8,86.2,92.5
Bhojpur,Bihar,231,10,93,92.5,
Buxar,Bihar,232,10,89.6,89.3,
Kaimur,Bihar,233,10,96.7,96.7,
Rohtas,Bihar,234,10,99,98.9,
Aurangabad,Bihar,235,10,96.7,97.5,
Gaya,Bihar,236,10,95.3,96.3,
Nawada,Bihar,237,10,95.6,96.1,
Jamui,Bihar,238,10,83.8,83.3,
Jehanabad,Bihar,239,10,96.5,96.2,
Arwal,Bihar,240,10,100,100,
North District,Sikkim,241,11,100,-100,
West District,Sikkim,242,11,-97.1,-97,
South District,Sikkim,243,11,-100,-100,
East District,Sikkim,244,11,98.9,-100,-97.8
Tawang,Arunachal Pradesh,245,12,-65.3,-64.8,
West Kameng,Arunachal Pradesh,246,12,67.7,-64,
East Kameng,Arunachal Pradesh,247,12,37.2,32.5,
Papumpare,Arunachal Pradesh,248,12,80.1,70.2,-87.5
Upper Subansiri,Arunachal Pradesh,249,12,60.4,57.8,
West Siang,Arunachal Pradesh,250,12,-74.4,-76.9,
East Siang,Arunachal Pradesh,251,12,-83.6,-82.3,
Upper Siang,Arunachal Pradesh,252,12,*,*,
Changlang,Arunachal Pradesh,253,12,-93.8,-93.1,
Tirap,Arunachal Pradesh,254,12,-63,-56.3,
Lower Subansiri,Arunachal Pradesh,255,12,-68.8,-66.3,
Kurung Kumey,Arunachal Pradesh,256,12,49.2,50.3,
Dibang Valley,Arunachal Pradesh,257,12,-84.4,-84.4,
Lower Dibang Valley,Arunachal Pradesh,258,12,74.4,79.2,
Lohit,Arunachal Pradesh,259,12,84.5,80.3,
Anjaw,Arunachal Pradesh,260,12,75.4,74.8,
Mon,Nagaland,261,13,48.7,45,
Mokokchung,Nagaland,262,13,-77.1,-74.4,
Zunheboto,Nagaland,263,13,71.4,-68.1,
Wokha,Nagaland,264,13,-50.1,-52.4,
Dimapur,Nagaland,265,13,63.1,59.6,67.4
Phek,Nagaland,266,13,74.5,71.6,
Tuensang,Nagaland,267,13,79.1,75.9,
Longleng,Nagaland,268,13,55.4,52.3,
Kiphire,Nagaland,269,13,65.7,59.5,
Kohima,Nagaland,270,13,93.9,93.8,-94
Peren,Nagaland,271,13,81.1,84,
Senapati,Manipur,272,14,90.7,90.4,
Tamenglong,Manipur,273,14,82,80.1,
Churachandpur,Manipur,274,14,84.1,83.7,
Bishnupur,Manipur,275,14,96.1,96,96.1
Thoubal,Manipur,276,14,90.8,90.8,90.7
Imphal West,Manipur,277,14,97.2,96.2,97.9
Imphal East,Manipur,278,14,95.9,96.1,95.6
Ukhrul,Manipur,279,14,78.6,76.6,
Chandel,Manipur,280,14,86.2,86,
Mamit,Mizoram,281,15,64.2,61.5,
Kolasib,Mizoram,282,15,64.6,66.8,63.5
Aizawl,Mizoram,283,15,82.8,,-80.1
Champhai,Mizoram,284,15,72.3,66.9,80.4
Serchhip,Mizoram,285,15,81.4,79,82.6
Lunglei,Mizoram,286,15,69.2,61.9,79.4
Lawngtlai,Mizoram,287,15,70.7,63.5,
Saiha,Mizoram,288,15,78.6,83,73.7
West Tripura,Tripura,289,16,86,83.6,-90.3
South Tripura,Tripura,290,16,-86.7,-88.2,
Dhalai,Tripura,291,16,62.1,-60.3,
North Tripura,Tripura,292,16,79.6,75.6,
West Garo Hills,Meghalaya,293,17,87.4,86.2,
East Garo Hills,Meghalaya,294,17,61.2,55.7,
South Garo Hills,Meghalaya,295,17,-91,-90.7,
West Khasi Hills,Meghalaya,296,17,91.2,89.8,
Ribhoi,Meghalaya,297,17,84.4,83.9,
East Khasi Hills,Meghalaya,298,17,92.2,91.3,-94.9
Jaintia Hills,Meghalaya,299,17,91,91.3,
Kokrajhar,Assam,300,18,82.1,81.6,
Dhubri,Assam,301,18,62.8,60.6,
Goalpara,Assam,302,18,83,83.7,
Barpeta,Assam,303,18,67.4,66,
Morigaon,Assam,304,18,92.2,91.4,
Nagaon,Assam,305,18,80,78.5,
Sonitpur,Assam,306,18,82.6,82.1,
Lakhimpur,Assam,307,18,89.3,90.5,
Dhemaji,Assam,308,18,96.4,96.1,
Tinsukia,Assam,309,18,89.4,85.9,
Dibrugarh,Assam,310,18,100,-100,
Sivasagar,Assam,311,18,100,-100,
Jorhat,Assam,312,18,92.2,-89.7,
Golaghat,Assam,313,18,90.9,91.9,
Karbi Anglong,Assam,314,18,68.5,68.4,
Dima Hasao,Assam,315,18,91.4,88.3,
Cachar,Assam,316,18,82.2,81,
Karimganj,Assam,317,18,80.5,80.5,
Hailakandi,Assam,318,18,68.3,67.9,
Bongaigaon,Assam,319,18,84.7,83,
Chirang,Assam,320,18,77.7,77.7,
Kamrup,Assam,321,18,72.2,72.2,
Kamrup Metropolitan,Assam,322,18,-93.7,,-96.6
Nalbari,Assam,323,18,89.4,88.4,
Baksa,Assam,324,18,91.6,91.4,
Darrang,Assam,325,18,81.2,82.6,
Udalguri,Assam,326,18,90.6,90,
Darjiling,West Bengal,327,19,-95.4,-96.2,*
Jalpaiguri,West Bengal,328,19,98.3,-97.8,
Koch Bihar,West Bengal,329,19,-98.1,-97.8,
Uttar Dinajpur,West Bengal,330,19,92.6,94,
Dakshin Dinajpur,West Bengal,331,19,96.3,-95.8,
Maldah,West Bengal,332,19,94.2,94.7,
Murshidabad,West Bengal,333,19,95.8,98.4,
Birbhum,West Bengal,334,19,100,100,
Barddhaman,West Bengal,335,19,96.3,-100,-92
Nadia,West Bengal,336,19,100,-100,
North Twenty Four Parganas,West Bengal,337,19,-96.7,*,*
Hugli,West Bengal,338,19,-100,-100,*
Bankura,West Bengal,339,19,100,-100,
Puruliya,West Bengal,340,19,96.3,95.7,
Haora,West Bengal,341,19,97.5,-100,-96
Kolkata,West Bengal,342,19,-100,,-100
South Twenty Four Parganas,West Bengal,343,19,98.4,100,
Paschim Medinipur,West Bengal,344,19,100,-100,
Purba Medinipur,West Bengal,345,19,-97.5,-97,
Garhwa,Jharkhand,346,20,88.1,88.4,
Chatra,Jharkhand,347,20,90.2,89.9,
Kodarma,Jharkhand,348,20,95.9,94.7,
Giridih,Jharkhand,349,20,97.4,97.2,
Deoghar,Jharkhand,350,20,95.3,94.6,
Godda,Jharkhand,351,20,93.4,93.3,
Sahibganj,Jharkhand,352,20,95.5,95.3,
Pakur,Jharkhand,353,20,99.2,99.1,
Dhanbad,Jharkhand,354,20,98.7,98.7,98.7
Bokaro,Jharkhand,355,20,100,100,100
Lohardaga,Jharkhand,356,20,96.1,95.6,
Purbi Singhbhum,Jharkhand,357,20,99.1,100,-98.4
Palamu,Jharkhand,358,20,96.2,95.7,
Latehar,Jharkhand,359,20,84.3,83.9,
Hazaribagh,Jharkhand,360,20,100,100,
Ramgarh,Jharkhand,361,20,98.7,100,96.9
Dumka,Jharkhand,362,20,97.2,97.1,
Jamtara,Jharkhand,363,20,94.9,94.5,
Ranchi,Jharkhand,364,20,98.3,98.6,-97.8
Khunti,Jharkhand,365,20,95.3,94.7,
Gumla,Jharkhand,366,20,93.1,93.9,
Simdega,Jharkhand,367,20,94.1,93.5,
Pashchimi Singhbhum,Jharkhand,368,20,91.8,91.2,
Saraikela Kharsawan,Jharkhand,369,20,97.7,96.8,
Bargarh,Odisha,370,21,92.5,93.4,
Jharsuguda,Odisha,371,21,95.5,96.7,93.8
Sambalpur,Odisha,372,21,93.1,-90.2,
Debagarh,Odisha,373,21,96.7,96.6,
Sundargarh,Odisha,374,21,97.8,96.4,100
Kendujhar,Odisha,375,21,89.7,87.9,
Mayurbhanj,Odisha,376,21,88.5,89.9,
Baleshwar,Odisha,377,21,92.9,92.6,
Bhadrak,Odisha,378,21,96.2,97.1,
Kendrapara,Odisha,379,21,86.7,86.1,
Jagatsinghapur,Odisha,380,21,96.2,-95.7,
Cuttack,Odisha,381,21,-96.3,-98,
Jajapur,Odisha,382,21,96.8,96.3,
Dhenkanal,Odisha,383,21,100,100,
Anugul,Odisha,384,21,100,100,
Nayagarh,Odisha,385,21,-95.8,-95.4,
Khordha,Odisha,386,21,88.3,92.8,-83.3
Puri,Odisha,387,21,98.3,-100,
Ganjam,Odisha,388,21,90.9,-90.8,
Gajapati,Odisha,389,21,77.2,77.6,
Kandhamal,Odisha,390,21,93.9,93.5,
Baudh,Odisha,391,21,98.3,98.3,
Subarnapur,Odisha,392,21,100,100,
Balangir,Odisha,393,21,100,100,
Nuapada,Odisha,394,21,94.7,96,
Kalahandi,Odisha,395,21,98.3,98.3,
Rayagada,Odisha,396,21,93.1,92.4,
Nabarangapur,Odisha,397,21,95.1,94.8,
Koraput,Odisha,398,21,89.8,90.2,
Malkangiri,Odisha,399,21,98.3,98.1,
Korea,Chhattisgarh,400,22,97.1,96.5,98.7
Surguja,Chhattisgarh,401,22,97.4,97.2,
Jashpur,Chhattisgarh,402,22,95.2,95,
Raigarh,Chhattisgarh,403,22,94.6,94.2,
Korba,Chhattisgarh,404,22,99.1,98.7,100
Janjgir Champa,Chhattisgarh,405,22,98.7,100,
Bilaspur,Chhattisgarh,406,22,97.8,100,
Kabirdham,Chhattisgarh,407,22,98.7,98.5,
Rajnandgaon,Chhattisgarh,408,22,100,100,
Durg,Chhattisgarh,409,22,100,100,100
Raipur,Chhattisgarh,410,22,98.4,100,94.8
Mahasamund,Chhattisgarh,411,22,98.6,98.4,
Dhamtari,Chhattisgarh,412,22,97.5,97,
Uttar Bastar Kanker,Chhattisgarh,413,22,100,100,
Bastar,Chhattisgarh,414,22,100,100,
Narayanpur,Chhattisgarh,415,22,95.4,95.1,
Dakshin Bastar Dantewada,Chhattisgarh,416,22,99.1,98.9,
Bijapur,Chhattisgarh,417,22,100,-100,
Sheopur,Madhya Pradesh,418,23,93.8,92.9,
Morena,Madhya Pradesh,419,23,92.3,92.8,
Bhind,Madhya Pradesh,420,23,91.7,92.4,
Gwalior,Madhya Pradesh,421,23,98.5,96,100
Datia,Madhya Pradesh,422,23,94.1,93,
Shivpuri,Madhya Pradesh,423,23,94.1,92.9,
Tikamgarh,Madhya Pradesh,424,23,89.1,89.2,
Chhatarpur,Madhya Pradesh,425,23,88.5,86.9,
Panna,Madhya Pradesh,426,23,67.7,67.4,
Sagar,Madhya Pradesh,427,23,85.4,82.9,
Damoh,Madhya Pradesh,428,23,90.5,-90,
Satna,Madhya Pradesh,429,23,92,90.5,
Rewa,Madhya Pradesh,430,23,94.3,93.4,
Umaria,Madhya Pradesh,431,23,94.6,93.7,
Neemuch,Madhya Pradesh,432,23,88.6,89.6,
Mandsaur,Madhya Pradesh,433,23,83.8,85.3,
Ratlam,Madhya Pradesh,434,23,92.2,92.4,
Ujjain,Madhya Pradesh,435,23,91.9,91.1,93.4
Shajapur,Madhya Pradesh,436,23,97.1,96.1,
Dewas,Madhya Pradesh,437,23,92.9,95.4,
Dhar,Madhya Pradesh,438,23,94.8,93,
Indore,Madhya Pradesh,439,23,97,,96.4
Khargone (West Nimar),Madhya Pradesh,440,23,91,90.9,
Barwani,Madhya Pradesh,441,23,77.3,75,
Rajgarh,Madhya Pradesh,442,23,93.3,92.3,
Vidisha,Madhya Pradesh,443,23,75.8,75.5,
Bhopal,Madhya Pradesh,444,23,94.5,,96.4
Sehore,Madhya Pradesh,445,23,98.9,100,
Raisen,Madhya Pradesh,446,23,96.6,95.6,
Betul,Madhya Pradesh,447,23,97.5,96.7,
Harda,Madhya Pradesh,448,23,95.4,94.5,
Hoshangabad,Madhya Pradesh,449,23,97.3,96.4,100
Katni,Madhya Pradesh,450,23,97.3,98.4,
Jabalpur,Madhya Pradesh,451,23,98,98.8,97.2
Narsimhapur,Madhya Pradesh,452,23,93.7,92.1,
Dindori,Madhya Pradesh,453,23,97.3,97.2,
Mandla,Madhya Pradesh,454,23,100,100,
Chhindwara,Madhya Pradesh,455,23,96,94.8,
Seoni,Madhya Pradesh,456,23,98,97.8,
Balaghat,Madhya Pradesh,457,23,92.4,91.6,
Guna,Madhya Pradesh,458,23,94.9,94.4,
Ashoknagar,Madhya Pradesh,459,23,80.9,78.1,
Shahdol,Madhya Pradesh,460,23,85.4,86.4,
Anuppur,Madhya Pradesh,461,23,95.4,94.1,
Sidhi,Madhya Pradesh,462,23,77.1,75.6,
Singrauli,Madhya Pradesh,463,23,87.1,85,
Jhabua,Madhya Pradesh,464,23,78.4,77.8,
Alirajpur,Madhya Pradesh,465,23,82.9,82.4,
Khandwa (East Nimar),Madhya Pradesh,466,23,98.9,98.7,
Burhanpur,Madhya Pradesh,467,23,90.8,89.9,92.6
Kachchh,Gujarat,468,24,95.6,-96.6,-93.8
Banaskantha,Gujarat,469,24,72.6,76,
Patan,Gujarat,470,24,-72.5,-69.1,
Mahesena,Gujarat,471,24,100,-100,
Sabarkantha,Gujarat,472,24,91.4,-91.2,
Gandhinagar,Gujarat,473,24,-94.6,*,*
Ahmadabad,Gujarat,474,24,-90.4,,-91.8
Surendranagar,Gujarat,475,24,76,-71.9,
Rajkot,Gujarat,476,24,-94.8,*,*
Jamnagar,Gujarat,477,24,98.2,*,-100
Porbandar,Gujarat,478,24,-91.4,-92.8,*
Junagadh,Gujarat,479,24,-91.2,*,-85.4
Amreli,Gujarat,480,24,-94.4,-96.4,
Bhavnagar,Gujarat,481,24,80.1,*,-81.1
Anand,Gujarat,482,24,99.1,-100,*
Kheda,Gujarat,483,24,80.2,-86.6,
Panchmahal,Gujarat,484,24,63.7,62.7,
Dohad,Gujarat,485,24,65.3,62.5,
Vadodara,Gujarat,486,24,-95.8,-100,*
Narmada,Gujarat,487,24,95.5,95.2,
Bharuch,Gujarat,488,24,98.3,-97.5,-100
The Dangs,Gujarat,489,24,86.1,85.6,
Navsari,Gujarat,490,24,-100,*,-100
Valsad,Gujarat,491,24,88,-82.9,*
Surat,Gujarat,492,24,-90.4,,-93.6
Tapi,Gujarat,493,24,-97.8,-97.4,
Diu,Daman & Diu,494,25,-95.1,*,-91.3
Daman,Daman & Diu,495,25,-81.7,,-87.2
Nandurbar,Maharashtra,497,27,73.7,72.7,
Dhule,Maharashtra,498,27,95.3,94.4,
Jalgaon,Maharashtra,499,27,-85,*,*
Buldhana,Maharashtra,500,27,91.1,-91.6,
Akola,Maharashtra,501,27,90.4,-95.5,-80.3
Washim,Maharashtra,502,27,-93.1,-92,
Amravati,Maharashtra,503,27,-91,-92.8,*
Wardha,Maharashtra,504,27,-95.5,*,*
Nagpur,Maharashtra,505,27,-96.1,*,-100
Bhandara,Maharashtra,506,27,-100,-100,
Gondiya,Maharashtra,507,27,91.3,-93.9,
Gadchiroli,Maharashtra,508,27,-96.9,-96.8,
Chandrapur,Maharashtra,509,27,-96.8,*,*
Yavatmal,Maharashtra,510,27,96.3,-95.3,
Nanded,Maharashtra,511,27,88.2,88.4,
Hingoli,Maharashtra,512,27,96,96.3,
Parbhani,Maharashtra,513,27,97.3,-96.7,-98.5
Jalna,Maharashtra,514,27,95.1,98.2,
Aurangabad,Maharashtra,515,27,94.8,*,-90.4
Nashik,Maharashtra,516,27,91.4,-85.2,-97
Thane,Maharashtra,517,27,84.5,,-93.6
Mumbai Suburban,Maharashtra,518,27,-75,,-75
Mumbai,Maharashtra,519,27,-87.6,,-87.6
Raigarh,Maharashtra,520,27,-94.9,-91.5,*
Pune,Maharashtra,521,27,-98.1,-96.3,*
Ahmednagar,Maharashtra,522,27,94,92.6,
Bid,Maharashtra,523,27,88.5,-89.2,
Latur,Maharashtra,524,27,92.8,93.3,
Osmanabad,Maharashtra,525,27,-88.4,-89.1,
Solapur,Maharashtra,526,27,96.2,-97.4,-93.3
Satara,Maharashtra,527,27,89.8,-89.7,
Ratnagiri,Maharashtra,528,27,-92.4,-94.3,
Sindhudurg,Maharashtra,529,27,-92.1,*,
Kolhapur,Maharashtra,530,27,-84.9,*,*
Sangli,Maharashtra,531,27,-88.5,-86.3,
Adilabad,Telangana,532,28,-88.7,-86.8,
Nizamabad,Telangana,533,28,100,-100,
Karimnagar,Telangana,534,28,-100,*,
Medak,Telangana,535,28,-96.8,-100,
Hyderabad,Telangana,536,28,100,,100
Rangareddy,Telangana,537,28,94.9,,-95.4
Mahbubnagar,Telangana,538,28,100,-100,
Nalgonda,Telangana,539,28,-95.9,-95.2,
Warangal,Telangana,540,28,-97.8,-97.3,
Khammam,Telangana,541,28,-100,-100,
Srikakulam,Andhra Pradesh,542,28,-100,-100,
Vizianagaram,Andhra Pradesh,543,28,-100,-100,
Visakhapatnam,Andhra Pradesh,544,28,-100,*,*
East Godavari,Andhra Pradesh,545,28,-96.7,-96,
West Godavari,Andhra Pradesh,546,28,-97,-96.2,
Krishna,Andhra Pradesh,547,28,-100,*,*
Guntur,Andhra Pradesh,548,28,-94.3,*,*
Prakasam,Andhra Pradesh,549,28,-97.7,-97.2,
Sri Potti Sriramulu Nellore,Andhra Pradesh,550,28,-86.3,*,
Y.S.R. Cuddapah,Andhra Pradesh,551,28,100,-100,-100
Kurnool,Andhra Pradesh,552,28,95.5,96.5,
Anantapur,Andhra Pradesh,553,28,98.3,-97.1,
Chittoor,Andhra Pradesh,554,28,-98,-97.2,
Belgaum,Karnataka,555,29,100,-100,
Bagalkot,Karnataka,556,29,97.3,-97.2,-97.4
Bijapur,Karnataka,557,29,84.8,-81,
Bidar,Karnataka,558,29,92.8,-93.4,
Raichur,Karnataka,559,29,94.2,-92.2,
Koppal,Karnataka,560,29,97.1,96.6,
Gadag,Karnataka,561,29,-92.4,*,*
Dharwad,Karnataka,562,29,97.5,-94,-100
Uttara Kannada,Karnataka,563,29,-97.9,-96.6,
Haveri,Karnataka,564,29,98,-97.4,
Bellary,Karnataka,565,29,98.5,-97.4,-100
Chitradurga,Karnataka,566,29,-95.9,-94.6,
Davanagere,Karnataka,567,29,100,-100,-100
Shimoga,Karnataka,568,29,-92.4,*,*
Udupi,Karnataka,569,29,-97.6,*,
Chikmagalur,Karnataka,570,29,-100,*,
Tumkur,Karnataka,571,29,-95.1,-93.8,
Bangalore,Karnataka,572,29,80.2,,-77.6
Mandya,Karnataka,573,29,-100,-100,
Hassan,Karnataka,574,29,-97.8,*,
Dakshina Kannada,Karnataka,575,29,-91.8,*,*
Kodagu,Karnataka,576,29,94.9,-95.7,
Mysore,Karnataka,577,29,84.3,-81.5,-88.5
Chamarajanagar,Karnataka,578,29,-97.6,*,
Gulbarga,Karnataka,579,29,100,-100,-100
Yadgir,Karnataka,580,29,93.6,90,
Kolar,Karnataka,581,29,-96.9,*,-93.1
Chikkaballapura,Karnataka,582,29,-91.5,*,
Bangalore Rural,Karnataka,583,29,-100,-100,
Ramanagara,Karnataka,584,29,-100,-100,
North Goa,Goa,585,30,-100,*,*
South Goa,Goa,586,30,100,*,-100
Kasaragod,Kerala,588,32,-98,*,*
Kannur,Kerala,589,32,-98.5,*,-100
Wayanad,Kerala,590,32,-100,-100,
Kozhikode,Kerala,591,32,-100,-100,*
Malappuram,Kerala,592,32,95.1,-96,-94.2
Palakkad,Kerala,593,32,-97.4,-96.8,
Thrissur,Kerala,594,32,-100,*,*
Ernakulam,Kerala,595,32,-100,*,*
Idukki,Kerala,596,32,*,*,
Kottayam,Kerala,597,32,-100,*,
Alappuzha,Kerala,598,32,*,*,*
Pathanamthitta,Kerala,599,32,-92.5,-92.4,
Kollam,Kerala,600,32,-100,*,*
Thiruvananthapuram,Kerala,601,32,-100,*,*
Thiruvallur,Tamil Nadu,602,33,-97.7,*,*
Chennai,Tamil Nadu,603,33,-99.2,,-99.2
Kancheepuram,Tamil Nadu,604,33,-92.2,*,*
Vellore,Tamil Nadu,605,33,93.8,-94.7,-92.8
Tiruvannamalai,Tamil Nadu,606,33,94.6,-93.8,
Viluppuram,Tamil Nadu,607,33,95.5,94.7,
Salem,Tamil Nadu,608,33,97.2,-95.5,-100
Namakkal,Tamil Nadu,609,33,-97.7,*,*
Erode,Tamil Nadu,610,33,100,*,-100
The Nilgiris,Tamil Nadu,611,33,100,*,-100
Dindigul,Tamil Nadu,612,33,96.7,-95.1,-100
Karur,Tamil Nadu,613,33,100,-100,*
Tiruchirappalli,Tamil Nadu,614,33,-90.7,-86.2,*
Perambalur,Tamil Nadu,615,33,-94.3,-93.1,
Ariyalur,Tamil Nadu,616,33,-92.9,-91.9,
Cuddalore,Tamil Nadu,617,33,-94.4,*,*
Nagapattinam,Tamil Nadu,618,33,-72.6,-69.4,
Thiruvarur,Tamil Nadu,619,33,98.8,-98.3,
Thanjavur,Tamil Nadu,620,33,96.6,-97,*
Pudukkottai,Tamil Nadu,621,33,90.3,-89.1,
Sivaganga,Tamil Nadu,622,33,-98,*,*
Madurai,Tamil Nadu,623,33,-96.1,*,*
Theni,Tamil Nadu,624,33,-93.4,*,*
Virudhunagar,Tamil Nadu,625,33,-85.9,*,*
Ramanathapuram,Tamil Nadu,626,33,-89.7,-86.4,*
Thoothukkudi,Tamil Nadu,627,33,-86.5,*,*
Tirunelveli,Tamil Nadu,628,33,-91.6,-88.8,*
Kanniyakumari,Tamil Nadu,629,33,97,,-98.2
Dharmapuri,Tamil Nadu,630,33,89.5,87.6,
Krishnagiri,Tamil Nadu,631,33,96.4,-97.9,
Coimbatore,Tamil Nadu,632,33,-97.7,,-96.6
Tiruppur,Tamil Nadu,633,33,100,-100,-100
Yanam,Puducherry,634,34,98.1,,98.1
Puducherry,Puducherry,635,34,100,-100,*
Mahe,Puducherry,636,34,-98.3,,-98.3
Karaikal,Puducherry,637,34,100,*,-100
Nicobar,Andaman & Nicobar Islands,638,35,-61.1,-61.1,
North & Middle Andaman,Andaman & Nicobar Islands,639,35,-95.4,-95.2,
South Andaman,Andaman & Nicobar Islands,640,35,-86.6,*,-85.1