district,state,district_census_code,state_census_code,total,rural,urban
Kupwara,Jammu & Kashmir,1,1,-71.2,-70.6,
Badgam,Jammu & Kashmir,2,1,-59.1,*,
Leh(Ladakh),Jammu & Kashmir,3,1,*,*,*
Kargil,Jammu & Kashmir,4,1,-54.5,-52.8,
Punch,Jammu & Kashmir,5,1,49.4,-49.6,
Rajouri,Jammu & Kashmir,6,1,-53.8,-56.3,
Kathua,Jammu & Kashmir,7,1,*,*,
Baramula,Jammu & Kashmir,8,1,*,*,
Bandipore,Jammu & Kashmir,9,1,-77.3,-80.1,
Srinagar,Jammu & Kashmir,10,1,*,,*
Ganderbal,Jammu & Kashmir,11,1,-76.3,*,
Pulwama,Jammu & Kashmir,12,1,*,*,
Shupiyan,Jammu & Kashmir,13,1,-55.8,*,
Anantnag,Jammu & Kashmir,14,1,*,*,
Kulgam,Jammu & Kashmir,15,1,*,*,
Doda,Jammu & Kashmir,16,1,-54.5,-55.8,
Ramban,Jammu & Kashmir,17,1,-66.3,-66.3,
Kishtwar,Jammu & Kashmir,18,1,-70.6,-70.7,
Udhampur,Jammu & Kashmir,19,1,-64,-70.4,
Reasi,Jammu & Kashmir,20,1,-47.1,-43.1,
Jammu,Jammu & Kashmir,21,1,-75.8,*,*
Samba,Jammu & Kashmir,22,1,-69.1,-68.3,
Chamba,Himachal Pradesh,23,2,-77.8,-77.8,
Kangra,Himachal Pradesh,24,2,*,*,
Lahul and Spiti,Himachal Pradesh,25,2,*,*,
Kullu,Himachal Pradesh,26,2,*,*,
Mandi,Himachal Pradesh,27,2,*,*,
Hamirpur,Himachal Pradesh,28,2,*,*,
Una,Himachal Pradesh,29,2,*,*,
Bilaspur,Himachal Pradesh,30,2,*,*,
Solan,Himachal Pradesh,31,2,*,*,
Sirmaur,Himachal Pradesh,32,2,-60.4,-61.2,
Shimla,Himachal Pradesh,33,2,*,*,
Kinnaur,Himachal Pradesh,34,2,*,*,
Gurdaspur,Punjab,35,3,*,*,
Kapurthala,Punjab,36,3,*,*,*
Jalandhar,Punjab,37,3,*,*,*
Hoshiarpur,Punjab,38,3,*,*,
Sahid Bhagat Singh Nagar,Punjab,39,3,*,*,*
Fatehgarh Sahib,Punjab,40,3,*,*,*
Ludhiana,Punjab,41,3,-61.3,*,*
Moga,Punjab,42,3,-59.8,*,
Firozpur,Punjab,43,3,*,*,
Muktsar,Punjab,44,3,*,*,
Faridkot,Punjab,45,3,-45.1,*,*
Bathinda,Punjab,46,3,-72.5,*,*
Mansa,Punjab,47,3,-56.9,-51,
Patiala,Punjab,48,3,-49.1,*,*
Amritsar,Punjab,49,3,-62,*,*
Tarn Taran,Punjab,50,3,*,*,
Rup Nagar,Punjab,51,3,*,*,
Sahibzada Ajit Singh Nagar,Punjab,52,3,*,*,*
Sangrur,Punjab,53,3,-56.6,*,
Barnala,Punjab,54,3,*,*,*
Uttarkashi,Uttarakhand,56,5,-68.8,-67.7,
Chamoli,Uttarakhand,57,5,*,*,
Rudraprayag,Uttarakhand,58,5,*,*,
Tehri Garhwal,Uttarakhand,59,5,-43.7,-45.3,
Dehradun,Uttarakhand,60,5,-69,*,*
Garhwal,Uttarakhand,61,5,-59.9,-62.5,
Pithoragarh,Uttarakhand,62,5,-47.8,-49,
Bageshwar,Uttarakhand,63,5,-21.5,-21.5,
Almora,Uttarakhand,64,5,-44.1,-44.3,
Champawat,Uttarakhand,65,5,-60,-58.9,
Nainital,Uttarakhand,66,5,48.5,-49.4,*
Udham Singh Nagar,Uttarakhand,67,5,41.4,-43.5,-37
Hardwar,Uttarakhand,68,5,51.1,-55.7,47.8
Panchkula,Haryana,69,6,*,*,*
Ambala,Haryana,70,6,-35,*,*
Yamunanagar,Haryana,71,6,-49.2,*,*
Kurukshetra,Haryana,72,6,-38.1,*,
Kaithal,Haryana,73,6,-41.1,-52.1,
Karnal,Haryana,74,6,*,*,*
Panipat,Haryana,75,6,-40.6,*,*
Sonipat,Haryana,76,6,-42.6,*,*
Jind,Haryana,77,6,-37.6,*,
Fatehabad,Haryana,78,6,-34.7,-39,
Sirsa,Haryana,79,6,-50.9,-57.3,
Hisar,Haryana,80,6,-54,*,*
Bhiwani,Haryana,81,6,-54.9,-62.4,
Rohtak,Haryana,82,6,-69.5,*,*
Jhajjar,Haryana,83,6,-70.8,*,
Mahendragarh,Haryana,84,6,-34.3,-36.3,
Rewari,Haryana,85,6,-73.1,*,
Gurgaon,Haryana,86,6,-60,*,*
Mewat,Haryana,87,6,55.8,60.2,
Faridabad,Haryana,88,6,-36.5,,-40.1
Palwal,Haryana,89,6,50.8,49.1,
North West,NCT Delhi,90,7,*,,*
North,NCT Delhi,91,7,*,,*
North East,NCT Delhi,92,7,*,,*
East,NCT Delhi,93,7,*,,*
New Delhi,NCT Delhi,94,7,*,,*
Central,NCT Delhi,95,7,*,,*
West,NCT Delhi,96,7,*,,*
South West,NCT Delhi,97,7,*,,*
South,NCT Delhi,98,7,*,,*
Ganganagar,Rajasthan,99,8,-68.4,-68.3,
Hanumangarh,Rajasthan,100,8,-61.8,-64.4,
Bikaner,Rajasthan,101,8,77.8,-77.2,-79.4
Churu,Rajasthan,102,8,-91.3,-91.5,
Jhunjhunun,Rajasthan,103,8,-89.1,-89.3,
Alwar,Rajasthan,104,8,-55,-59.8,
Bharatpur,Rajasthan,105,8,55.3,56.5,
Dhaulpur,Rajasthan,106,8,56.3,-57.6,
Karauli,Rajasthan,107,8,-64.2,-63.8,
Sawai Madhopur,Rajasthan,108,8,-57.6,-53.5,
Dausa,Rajasthan,109,8,-68.1,-69.2,
Jaipur,Rajasthan,110,8,72.4,80.9,-60.8
Sikar,Rajasthan,111,8,-67.8,-64.4,
Nagaur,Rajasthan,112,8,-71,-71.9,
Jodhpur,Rajasthan,113,8,49.3,-44.7,-61.6
Jaisalmer,Rajasthan,114,8,55.6,-53.3,
Barmer,Rajasthan,115,8,34.9,-32.6,
Jalor,Rajasthan,116,8,56.2,55.5,
Sirohi,Rajasthan,117,8,-39.6,-42.4,
Pali,Rajasthan,118,8,-48.8,*,
Ajmer,Rajasthan,119,8,54,-52.7,-56.7
Tonk,Rajasthan,120,8,-40.5,*,
Bundi,Rajasthan,121,8,-36.5,*,
Bhilwara,Rajasthan,122,8,*,*,
Rajsamand,Rajasthan,123,8,-64.2,-62.5,
Dungarpur,Rajasthan,124,8,44.4,41.5,
Banswara,Rajasthan,125,8,-57.1,-56,
Chittaurgarh,Rajasthan,126,8,-35.9,-39.3,
Kota,Rajasthan,127,8,-42.8,-37.8,*
Baran,Rajasthan,128,8,-63.5,-67.3,
Jhalawar,Rajasthan,129,8,-60.6,-61.3,
Udaipur,Rajasthan,130,8,-48,-49.3,
Pratapgarh,Rajasthan,131,8,44.7,-46.2,
Saharanpur,Uttar Pradesh,132,9,23.3,-21.2,-28.4
Muzaffarnagar,Uttar Pradesh,133,9,-13.3,-10.2,
Bijnor,Uttar Pradesh,134,9,-39.8,-42.2,
Moradabad,Uttar Pradesh,135,9,22.8,25,-15.3
Rampur,Uttar Pradesh,136,9,-15,-15.6,
Jyotiba Phule Nagar,Uttar Pradesh,137,9,19.1,-17.3,
Meerut,Uttar Pradesh,138,9,15.2,13.6,16.4
Baghpat,Uttar Pradesh,139,9,-31.2,-33,
Ghaziabad,Uttar Pradesh,140,9,22.8,13.2,-30
Gautam Buddha Nagar,Uttar Pradesh,141,9,30.4,31.2,-29.7
Bulandshahr,Uttar Pradesh,142,9,26.6,-30,
Aligarh,Uttar Pradesh,143,9,26.2,-27.9,-22.6
Mahamaya Nagar,Uttar Pradesh,144,9,-31.9,-32.2,
Mathura,Uttar Pradesh,145,9,43.2,-45.1,
Agra,Uttar Pradesh,146,9,46.1,46.3,-45.7
Firozabad,Uttar Pradesh,147,9,44.4,-49.4,36.9
Mainpuri,Uttar Pradesh,148,9,-59.4,-57.1,
Budaun,Uttar Pradesh,149,9,33.5,35.4,
Bareilly,Uttar Pradesh,150,9,36.1,-33.8,-41
Pilibhit,Uttar Pradesh,151,9,-22.2,-27.3,
Shahjahanpur,Uttar Pradesh,152,9,-28,-25.9,
Kheri,Uttar Pradesh,153,9,-62.1,-61.8,
Sitapur,Uttar Pradesh,154,9,-62.7,-65.4,
Hardoi,Uttar Pradesh,155,9,-51.3,-55.9,
Unnao,Uttar Pradesh,156,9,-59.8,-62.2,
Lucknow,Uttar Pradesh,157,9,-47,-55.8,*
Rae Bareli,Uttar Pradesh,158,9,-47.4,-49.4,
Farrukhabad,Uttar Pradesh,159,9,-56.4,-60,
Kannauj,Uttar Pradesh,160,9,55,-57.1,
Etawah,Uttar Pradesh,161,9,71.1,-74.1,
Auraiya,Uttar Pradesh,162,9,-41.7,*,
Kanpur Dehat,Uttar Pradesh,163,9,-53.5,-52.3,
Kanpur Nagar,Uttar Pradesh,164,9,-51,*,*
Jalaun,Uttar Pradesh,165,9,*,*,
Jhansi,Uttar Pradesh,166,9,-52.4,*,*
Lalitpur,Uttar Pradesh,167,9,-71.3,*,
Hamirpur,Uttar Pradesh,168,9,*,*,
Mahoba,Uttar Pradesh,169,9,-27.6,-24,
Banda,Uttar Pradesh,170,9,-24.9,*,
Chitrakoot,Uttar Pradesh,171,9,-46.8,-55.5,
Fatehpur,Uttar Pradesh,172,9,-46.6,*,
Pratapgarh,Uttar Pradesh,173,9,-21.7,-21.7,
Kaushambi,Uttar Pradesh,174,9,-35.1,-33.2,
Allahabad,Uttar Pradesh,175,9,-35.4,-30.1,
Bara Banki,Uttar Pradesh,176,9,-60.9,-63.7,
Faizabad,Uttar Pradesh,177,9,-25,-25.5,
Ambedkar Nagar,Uttar Pradesh,178,9,-17.4,-20.3,
Sultanpur,Uttar Pradesh,179,9,-20.6,-19.8,
Bahraich,Uttar Pradesh,180,9,51,-50.8,
Shrawasti,Uttar Pradesh,181,9,55.8,57.3,
Balrampur,Uttar Pradesh,182,9,68.6,69.3,
Gonda,Uttar Pradesh,183,9,48,47.7,
Siddharthnagar,Uttar Pradesh,184,9,62.3,60.8,
Basti,Uttar Pradesh,185,9,68.4,66.4,
Sant Kabir Nagar,Uttar Pradesh,186,9,-55.8,-57.7,
Maharajganj,Uttar Pradesh,187,9,68.8,66.7,
Gorakhpur,Uttar Pradesh,188,9,-56.6,-53.3,
Kushinagar,Uttar Pradesh,189,9,66.3,66.7,
Deoria,Uttar Pradesh,190,9,-60.3,-62.7,
Azamgarh,Uttar Pradesh,191,9,-43.9,-45,
Mau,Uttar Pradesh,192,9,-48.8,-53.8,
Ballia,Uttar Pradesh,193,9,46.5,50,
Jaunpur,Uttar Pradesh,194,9,-20.1,-18.8,
Ghazipur,Uttar Pradesh,195,9,-25.3,-25.4,
Chandauli,Uttar Pradesh,196,9,55.5,58.5,
Varanasi,Uttar Pradesh,197,9,23.5,-14.3,-37.8
Sant Ravidas Nagar,Uttar Pradesh,198,9,-25.5,-27,
Mirzapur,Uttar Pradesh,199,9,-31.2,-30.7,
Sonbhadra,Uttar Pradesh,200,9,-49,-48.1,
Etah,Uttar Pradesh,201,9,-47.7,-45.2,
Kanshiram Nagar,Uttar Pradesh,202,9,49.8,-50.7,
Pashchim Champaran,Bihar,203,10,48.7,48.2,
Purba Champaran,Bihar,204,10,51.7,49,
Sheohar,Bihar,205,10,55,56,
Sitamarhi,Bihar,206,10,38.4,-42.7,
Madhubani,Bihar,207,10,63.2,62.6,
Supaul,Bihar,208,10,68.3,69.3,
Araria,Bihar,209,10,51.2,50,
Kishanganj,Bihar,210,10,66.8,67.7,
Purnia,Bihar,211,10,-60,-57.8,
Katihar,Bihar,212,10,-62.4,-65.9,
Madhepura,Bihar,213,10,64.4,63.7,
Saharsa,Bihar,214,10,59.9,-61.1,
Darbhanga,Bihar,215,10,61.4,62,
Muzaffarpur,Bihar,216,10,-78.9,-77.7,
Gopalganj,Bihar,217,10,61.4,-64.9,
Siwan,Bihar,218,10,63.3,64,
Saran,Bihar,219,10,73.8,72.6,
Vaishali,Bihar,220,10,63.4,63.9,
Samastipur,Bihar,221,10,44,46.7,
Begusarai,Bihar,222,10,-27.3,-25.5,
Khagaria,Bihar,223,10,48.4,48.3,
Bhagalpur,Bihar,224,10,61.7,-60.6,
Banka,Bihar,225,10,-54.3,-55.3,
Munger,Bihar,226,10,-46.4,-36.4,
Lakhisarai,Bihar,227,10,32.7,-31.1,
Sheikhpura,Bihar,228,10,41.2,47,
Nalanda,Bihar,229,10,-36.7,-36.7,
Patna,Bihar,230,10,35.4,-33.2,-38
Bhojpur,Bihar,231,10,-57,-60.5,
Buxar,Bihar,232,10,-56.2,-58.3,
Kaimur,Bihar,233,10,-34.1,-35.2,
Rohtas,Bihar,234,10,-42.6,-40,
Aurangabad,Bihar,235,10,-51.9,-54.3,
Gaya,Bihar,236,10,-28.4,-28.6,
Nawada,Bihar,237,10,32.8,-33.8,
Jamui,Bihar,238,10,40.2,38.8,
Jehanabad,Bihar,239,10,-35.9,-34,
Arwal,Bihar,240,10,-43.2,-43.9,
North District,Sikkim,241,11,*,*,
West District,Sikkim,242,11,*,*,
South District,Sikkim,243,11,*,*,
East District,Sikkim,244,11,60.2,-54.1,*
Tawang,Arunachal Pradesh,245,12,*,*,
West Kameng,Arunachal Pradesh,246,12,-48.7,-50.3,
East Kameng,Arunachal Pradesh,247,12,-21.7,-29.1,
Papumpare,Arunachal Pradesh,248,12,50.6,-43.4,-54
Upper Subansiri,Arunachal Pradesh,249,12,*,*,
West Siang,Arunachal Pradesh,250,12,*,*,
East Siang,Arunachal Pradesh,251,12,*,*,
Upper Siang,Arunachal Pradesh,252,12,*,*,
Changlang,Arunachal Pradesh,253,12,-73.1,-71.6,
Tirap,Arunachal Pradesh,254,12,*,*,
Lower Subansiri,Arunachal Pradesh,255,12,*,*,
Kurung Kumey,Arunachal Pradesh,256,12,-68.9,-70.8,
Dibang Valley,Arunachal Pradesh,257,12,*,*,
Lower Dibang Valley,Arunachal Pradesh,258,12,-74.1,*,
Lohit,Arunachal Pradesh,259,12,-65.5,-67.2,
Anjaw,Arunachal Pradesh,260,12,*,*,
Mon,Nagaland,261,13,41.4,39.6,
Mokokchung,Nagaland,262,13,*,*,
Zunheboto,Nagaland,263,13,-41.8,*,
Wokha,Nagaland,264,13,*,*,
Dimapur,Nagaland,265,13,36,-42.7,*
Phek,Nagaland,266,13,-50.4,-53.4,
Tuensang,Nagaland,267,13,-75,-77.1,
Longleng,Nagaland,268,13,-50.2,-52.9,
Kiphire,Nagaland,269,13,-33.4,*,
Kohima,Nagaland,270,13,-33.2,*,*
Peren,Nagaland,271,13,-35.4,-28.5,
Senapati,Manipur,272,14,73.8,74.6,
Tamenglong,Manipur,273,14,52.5,-52.2,
Churachandpur,Manipur,274,14,-73.5,-74,
Bishnupur,Manipur,275,14,83.3,-89.8,-73.9
Thoubal,Manipur,276,14,81.3,-79.3,-85
Imphal West,Manipur,277,14,82.7,-81,-83.8
Imphal East,Manipur,278,14,64.8,-61.3,*
Ukhrul,Manipur,279,14,-47.2,-50.2,
Chandel,Manipur,280,14,-82.3,-80.3,
Mamit,Mizoram,281,15,*,*,
Kolasib,Mizoram,282,15,69.4,-81.2,*
Aizawl,Mizoram,283,15,-59.7,,*
Champhai,Mizoram,284,15,55.4,-61.6,-46.4
Serchhip,Mizoram,285,15,66,-75.4,*
Lunglei,Mizoram,286,15,-66,*,*
Lawngtlai,Mizoram,287,15,-42.6,*,
Saiha,Mizoram,288,15,75.9,-74.6,-77.9
West Tripura,Tripura,289,16,-72.3,*,*
South Tripura,Tripura,290,16,*,*,
Dhalai,Tripura,291,16,-71,-70.1,
North Tripura,Tripura,292,16,-66.3,-63.4,
West Garo Hills,Meghalaya,293,17,*,*,
East Garo Hills,Meghalaya,294,17,-45,-50.1,
South Garo Hills,Meghalaya,295,17,-10.4,-10.4,
West Khasi Hills,Meghalaya,296,17,-32.3,-33.8,
Ribhoi,Meghalaya,297,17,34.1,31.6,
East Khasi Hills,Meghalaya,298,17,34.5,33.2,-37.6
Jaintia Hills,Meghalaya,299,17,34.9,33.8,
Kokrajhar,Assam,300,18,-63,-61.8,
Dhubri,Assam,301,18,-60,-58.3,
Goalpara,Assam,302,18,-59.6,-55.3,
Barpeta,Assam,303,18,-56.7,-57.1,
Morigaon,Assam,304,18,69.4,69.4,
Nagaon,Assam,305,18,-72.7,-74.8,
Sonitpur,Assam,306,18,-53.7,-55.9,
Lakhimpur,Assam,307,18,-63,-64.9,
Dhemaji,Assam,308,18,-79.5,-76.7,
Tinsukia,Assam,309,18,-86.2,-89.8,
Dibrugarh,Assam,310,18,-69.9,-69.3,
Sivasagar,Assam,311,18,-60.3,-57.8,
Jorhat,Assam,312,18,-71.6,*,
Golaghat,Assam,313,18,-68.9,-66.8,
Karbi Anglong,Assam,314,18,-63,*,
Dima Hasao,Assam,315,18,-75.4,-78.1,
Cachar,Assam,316,18,-28.6,-27.2,
Karimganj,Assam,317,18,-36.7,-34.9,
Hailakandi,Assam,318,18,-45.1,-47.4,
Bongaigaon,Assam,319,18,-68.3,-67.6,
Chirang,Assam,320,18,-71.5,-76.4,
Kamrup,Assam,321,18,-80.6,-79.7,
Kamrup Metropolitan,Assam,322,18,*,,*
Nalbari,Assam,323,18,-81.7,-80.7,
Baksa,Assam,324,18,-62.9,-64.3,
Darrang,Assam,325,18,-59.9,-64.2,
Udalguri,Assam,326,18,-70.3,-72.7,
Darjiling,West Bengal,327,19,*,*,*
Jalpaiguri,West Bengal,328,19,*,*,
Koch Bihar,West Bengal,329,19,-57.6,-58.2,
Uttar Dinajpur,West Bengal,330,19,67.8,-65.1,
Dakshin Dinajpur,West Bengal,331,19,*,*,
Maldah,West Bengal,332,19,-63.7,-64.1,
Murshidabad,West Bengal,333,19,*,*,
Birbhum,West Bengal,334,19,*,*,
Barddhaman,West Bengal,335,19,*,*,*
Nadia,West Bengal,336,19,*,*,
North Twenty Four Parganas,West Bengal,337,19,*,*,*
Hugli,West Bengal,338,19,*,*,*
Bankura,West Bengal,339,19,*,*,
Puruliya,West Bengal,340,19,-50.7,-45.3,
Haora,West Bengal,341,19,*,*,*
Kolkata,West Bengal,342,19,*,,*
South Twenty Four Parganas,West Bengal,343,19,*,*,
Paschim Medinipur,West Bengal,344,19,*,*,
Purba Medinipur,West Bengal,345,19,*,*,
Garhwa,Jharkhand,346,20,-51.8,-51.9,
Chatra,Jharkhand,347,20,42.2,-46,
Kodarma,Jharkhand,348,20,-61.9,-63.3,
Giridih,Jharkhand,349,20,68.2,67.6,
Deoghar,Jharkhand,350,20,70.5,-67.1,
Godda,Jharkhand,351,20,-79.6,-79.1,
Sahibganj,Jharkhand,352,20,68.1,-73.4,
Pakur,Jharkhand,353,20,76,-76.6,
Dhanbad,Jharkhand,354,20,63.8,-66.5,*
Bokaro,Jharkhand,355,20,74.2,-74.5,*
Lohardaga,Jharkhand,356,20,-49.9,-52.8,
Purbi Singhbhum,Jharkhand,357,20,-55.9,-47.9,*
Palamu,Jharkhand,358,20,-48.5,-47.3,
Latehar,Jharkhand,359,20,-48.2,-45.5,
Hazaribagh,Jharkhand,360,20,-74.7,-73.3,
Ramgarh,Jharkhand,361,20,71.2,-74.3,-67
Dumka,Jharkhand,362,20,-71.8,-70.8,
Jamtara,Jharkhand,363,20,67.8,-69.8,
Ranchi,Jharkhand,364,20,-71.3,*,-63.7
Khunti,Jharkhand,365,20,-70,-66.6,
Gumla,Jharkhand,366,20,-53.1,-51.4,
Simdega,Jharkhand,367,20,-64.9,-64.7,
Pashchimi Singhbhum,Jharkhand,368,20,-66,-69.1,
Saraikela Kharsawan,Jharkhand,369,20,-65.3,-68.1,
Bargarh,Odisha,370,21,*,*,
Jharsuguda,Odisha,371,21,-55.7,*,*
Sambalpur,Odisha,372,21,-81.2,*,
Debagarh,Odisha,373,21,-69,-69,
Sundargarh,Odisha,374,21,67.5,-67.6,-67.3
Kendujhar,Odisha,375,21,-62.5,*,
Mayurbhanj,Odisha,376,21,-81.4,-81.8,
Baleshwar,Odisha,377,21,-67.5,-72.4,
Bhadrak,Odisha,378,21,*,*,
Kendrapara,Odisha,379,21,*,*,
Jagatsinghapur,Odisha,380,21,*,*,
Cuttack,Odisha,381,21,*,*,
Jajapur,Odisha,382,21,-70.6,-72.6,
Dhenkanal,Odisha,383,21,*,*,
Anugul,Odisha,384,21,*,*,
Nayagarh,Odisha,385,21,-67.8,-69.1,
Khordha,Odisha,386,21,-59.5,-59.2,*
Puri,Odisha,387,21,-56,*,
Ganjam,Odisha,388,21,-60.2,*,
Gajapati,Odisha,389,21,-52.8,-56.9,
Kandhamal,Odisha,390,21,-81.4,-79.9,
Baudh,Odisha,391,21,-47.2,-47.2,
Subarnapur,Odisha,392,21,-56.6,-57,
Balangir,Odisha,393,21,-53.4,-51.7,
Nuapada,Odisha,394,21,-49.2,-49.1,
Kalahandi,Odisha,395,21,-67.4,-65.6,
Rayagada,Odisha,396,21,-70.2,-71.8,
Nabarangapur,Odisha,397,21,71.7,70.8,
Koraput,Odisha,398,21,-70.2,-67.1,
Malkangiri,Odisha,399,21,-66.2,-67.5,
Korea,Chhattisgarh,400,22,76.5,-79.9,-66.5
Surguja,Chhattisgarh,401,22,-84.3,-87.5,
Jashpur,Chhattisgarh,402,22,-70.2,-69.9,
Raigarh,Chhattisgarh,403,22,-74.1,-71.3,
Korba,Chhattisgarh,404,22,81.9,-82.3,*
Janjgir Champa,Chhattisgarh,405,22,-67.4,-64.8,
Bilaspur,Chhattisgarh,406,22,82.1,81.6,
Kabirdham,Chhattisgarh,407,22,-84.9,-85.9,
Rajnandgaon,Chhattisgarh,408,22,84.6,85.4,
Durg,Chhattisgarh,409,22,52.9,-55.7,-48.3
Raipur,Chhattisgarh,410,22,78.8,-86.1,-62.8
Mahasamund,Chhattisgarh,411,22,-75.7,-75,
Dhamtari,Chhattisgarh,412,22,-74.5,*,
Uttar Bastar Kanker,Chhattisgarh,413,22,-70.6,*,
Bastar,Chhattisgarh,414,22,68.5,-66.2,
Narayanpur,Chhattisgarh,415,22,77.9,78.8,
Dakshin Bastar Dantewada,Chhattisgarh,416,22,-70.6,-69.7,
Bijapur,Chhattisgarh,417,22,82.6,82.1,
Sheopur,Madhya Pradesh,418,23,-63.5,-60.6,
Morena,Madhya Pradesh,419,23,-36.6,*,
Bhind,Madhya Pradesh,420,23,-33.3,*,
Gwalior,Madhya Pradesh,421,23,26.4,-18.8,-32.4
Datia,Madhya Pradesh,422,23,-63.9,-70.7,
Shivpuri,Madhya Pradesh,423,23,-69.9,-69.1,
Tikamgarh,Madhya Pradesh,424,23,-59.8,-63.1,
Chhatarpur,Madhya Pradesh,425,23,-68.9,-66.5,
Panna,Madhya Pradesh,426,23,-55.5,-61.2,
Sagar,Madhya Pradesh,427,23,-60.4,-65.1,
Damoh,Madhya Pradesh,428,23,-69.6,-71.9,
Satna,Madhya Pradesh,429,23,-55.7,-55.2,
Rewa,Madhya Pradesh,430,23,-46.3,-46.4,
Umaria,Madhya Pradesh,431,23,-36.9,*,
Neemuch,Madhya Pradesh,432,23,-60.3,*,
Mandsaur,Madhya Pradesh,433,23,-95.1,-93.1,
Ratlam,Madhya Pradesh,434,23,-72.3,-79.1,
Ujjain,Madhya Pradesh,435,23,57.6,-57.3,-58.1
Shajapur,Madhya Pradesh,436,23,-53.9,-49.1,
Dewas,Madhya Pradesh,437,23,-64.7,-72.3,
Dhar,Madhya Pradesh,438,23,-72.1,-72.7,
Indore,Madhya Pradesh,439,23,61.3,,-63.8
Khargone (West Nimar),Madhya Pradesh,440,23,-62.8,-59.7,
Barwani,Madhya Pradesh,441,23,71.4,72.8,
Rajgarh,Madhya Pradesh,442,23,-51.4,-51.6,
Vidisha,Madhya Pradesh,443,23,-71.7,-78.9,
Bhopal,Madhya Pradesh,444,23,*,,*
Sehore,Madhya Pradesh,445,23,43.1,-43.6,
Raisen,Madhya Pradesh,446,23,-52.4,-47.5,
Betul,Madhya Pradesh,447,23,*,*,
Harda,Madhya Pradesh,448,23,-51.2,-51.1,
Hoshangabad,Madhya Pradesh,449,23,36.5,-34.8,-40.5
Katni,Madhya Pradesh,450,23,-72,-72.5,
Jabalpur,Madhya Pradesh,451,23,-47.7,*,-51.1
Narsimhapur,Madhya Pradesh,452,23,-84.3,*,
Dindori,Madhya Pradesh,453,23,-35.5,-35,
Mandla,Madhya Pradesh,454,23,-66.5,*,
Chhindwara,Madhya Pradesh,455,23,-60.8,*,
Seoni,Madhya Pradesh,456,23,-64.6,-60.7,
Balaghat,Madhya Pradesh,457,23,-67.6,-68.6,
Guna,Madhya Pradesh,458,23,-52.5,-51.6,
Ashoknagar,Madhya Pradesh,459,23,-30.2,-27.5,
Shahdol,Madhya Pradesh,460,23,*,*,
Anuppur,Madhya Pradesh,461,23,-61.3,-66.8,
Sidhi,Madhya Pradesh,462,23,-72.7,-75.7,
Singrauli,Madhya Pradesh,463,23,59.8,-55.4,
Jhabua,Madhya Pradesh,464,23,55.8,55.4,
Alirajpur,Madhya Pradesh,465,23,58,58.8,
Khandwa (East Nimar),Madhya Pradesh,466,23,-46.1,-45.5,
Burhanpur,Madhya Pradesh,467,23,48.7,49.3,-47
Kachchh,Gujarat,468,24,*,*,*
Banaskantha,Gujarat,469,24,-47.4,-51,
Patan,Gujarat,470,24,-34.5,-30.6,
Mahesena,Gujarat,471,24,*,*,
Sabarkantha,Gujarat,472,24,-58.3,-63.3,
Gandhinagar,Gujarat,473,24,-40.8,*,*
Ahmadabad,Gujarat,474,24,*,,*
Surendranagar,Gujarat,475,24,-38,*,
Rajkot,Gujarat,476,24,*,*,*
Jamnagar,Gujarat,477,24,*,*,*
Porbandar,Gujarat,478,24,-52.2,*,*
Junagadh,Gujarat,479,24,-43.2,*,*
Amreli,Gujarat,480,24,*,*,
Bhavnagar,Gujarat,481,24,-65.9,*,*
Anand,Gujarat,482,24,-68.8,*,*
Kheda,Gujarat,483,24,-57.7,*,
Panchmahal,Gujarat,484,24,-76.6,-78.4,
Dohad,Gujarat,485,24,-71.4,-70,
Vadodara,Gujarat,486,24,-64.8,*,*
Narmada,Gujarat,487,24,-62.2,-60.9,
Bharuch,Gujarat,488,24,*,*,*
The Dangs,Gujarat,489,24,-80.5,-81.7,
Navsari,Gujarat,490,24,*,*,*
Valsad,Gujarat,491,24,*,*,*
Surat,Gujarat,492,24,*,,*
Tapi,Gujarat,493,24,*,*,
Diu,Daman & Diu,494,25,*,*,*
Daman,Daman & Diu,495,25,*,,*
Nandurbar,Maharashtra,497,27,-68,*,
Dhule,Maharashtra,498,27,*,*,
Jalgaon,Maharashtra,499,27,-41.8,*,*
Buldhana,Maharashtra,500,27,*,*,
Akola,Maharashtra,501,27,*,*,*
Washim,Maharashtra,502,27,-60.2,*,
Amravati,Maharashtra,503,27,-60.8,*,*
Wardha,Maharashtra,504,27,*,*,*
Nagpur,Maharashtra,505,27,-88,*,*
Bhandara,Maharashtra,506,27,*,*,
Gondiya,Maharashtra,507,27,*,*,
Gadchiroli,Maharashtra,508,27,*,*,
Chandrapur,Maharashtra,509,27,*,*,*
Yavatmal,Maharashtra,510,27,*,*,
Nanded,Maharashtra,511,27,-74.7,*,
Hingoli,Maharashtra,512,27,-81.8,*,
Parbhani,Maharashtra,513,27,*,*,*
Jalna,Maharashtra,514,27,-69.8,-67.8,
Aurangabad,Maharashtra,515,27,-60.9,*,*
Nashik,Maharashtra,516,27,*,*,*
Thane,Maharashtra,517,27,*,,*
Mumbai Suburban,Maharashtra,518,27,*,,*
Mumbai,Maharashtra,519,27,*,,*
Raigarh,Maharashtra,520,27,*,*,*
Pune,Maharashtra,521,27,*,*,*
Ahmednagar,Maharashtra,522,27,*,*,
Bid,Maharashtra,523,27,-42.8,*,
Latur,Maharashtra,524,27,-47.3,-51.8,
Osmanabad,Maharashtra,525,27,*,*,
Solapur,Maharashtra,526,27,-52.5,*,*
Satara,Maharashtra,527,27,*,*,
Ratnagiri,Maharashtra,528,27,*,*,
Sindhudurg,Maharashtra,529,27,*,*,
Kolhapur,Maharashtra,530,27,*,*,*
Sangli,Maharashtra,531,27,*,*,
Adilabad,Telangana,532,28,-54,*,
Nizamabad,Telangana,533,28,*,*,
Karimnagar,Telangana,534,28,*,*,
Medak,Telangana,535,28,*,*,
Hyderabad,Telangana,536,28,*,,*
Rangareddy,Telangana,537,28,*,,*
Mahbubnagar,Telangana,538,28,-55.1,-54.2,
Nalgonda,Telangana,539,28,*,*,
Warangal,Telangana,540,28,*,*,
Khammam,Telangana,541,28,*,*,
Srikakulam,Andhra Pradesh,542,28,*,*,
Vizianagaram,Andhra Pradesh,543,28,-62.3,*,
Visakhapatnam,Andhra Pradesh,544,28,*,*,*
East Godavari,Andhra Pradesh,545,28,*,*,
West Godavari,Andhra Pradesh,546,28,*,*,
Krishna,Andhra Pradesh,547,28,*,*,*
Guntur,Andhra Pradesh,548,28,*,*,*
Prakasam,Andhra Pradesh,549,28,*,*,
Sri Potti Sriramulu Nellore,Andhra Pradesh,550,28,-71.7,*,
Y.S.R. Cuddapah,Andhra Pradesh,551,28,-76.8,*,*
Kurnool,Andhra Pradesh,552,28,-88.9,*,
Anantapur,Andhra Pradesh,553,28,*,*,
Chittoor,Andhra Pradesh,554,28,*,*,
Belgaum,Karnataka,555,29,*,*,
Bagalkot,Karnataka,556,29,-70.6,*,*
Bijapur,Karnataka,557,29,*,*,
Bidar,Karnataka,558,29,-46.9,*,
Raichur,Karnataka,559,29,-60.3,*,
Koppal,Karnataka,560,29,*,*,
Gadag,Karnataka,561,29,*,*,*
Dharwad,Karnataka,562,29,*,*,*
Uttara Kannada,Karnataka,563,29,*,*,
Haveri,Karnataka,564,29,-51.1,*,
Bellary,Karnataka,565,29,-56.1,*,*
Chitradurga,Karnataka,566,29,*,*,
Davanagere,Karnataka,567,29,-68.9,*,*
Shimoga,Karnataka,568,29,*,*,*
Udupi,Karnataka,569,29,*,*,
Chikmagalur,Karnataka,570,29,*,*,
Tumkur,Karnataka,571,29,*,*,
Bangalore,Karnataka,572,29,*,,*
Mandya,Karnataka,573,29,*,*,
Hassan,Karnataka,574,29,*,*,
Dakshina Kannada,Karnataka,575,29,*,*,*
Kodagu,Karnataka,576,29,*,*,
Mysore,Karnataka,577,29,*,*,*
Chamarajanagar,Karnataka,578,29,*,*,
Gulbarga,Karnataka,579,29,-52,*,*
Yadgir,Karnataka,580,29,-45.4,-50.2,
Kolar,Karnataka,581,29,*,*,*
Chikkaballapura,Karnataka,582,29,*,*,
Bangalore Rural,Karnataka,583,29,-65.5,-64.8,
Ramanagara,Karnataka,584,29,*,*,
North Goa,Goa,585,30,*,*,*
South Goa,Goa,586,30,*,*,*
Kasaragod,Kerala,588,32,*,*,*
Kannur,Kerala,589,32,*,*,*
Wayanad,Kerala,590,32,*,*,
Kozhikode,Kerala,591,32,*,*,*
Malappuram,Kerala,592,32,*,*,*
Palakkad,Kerala,593,32,*,*,
Thrissur,Kerala,594,32,*,*,*
Ernakulam,Kerala,595,32,*,*,*
Idukki,Kerala,596,32,*,*,
Kottayam,Kerala,597,32,*,*,
Alappuzha,Kerala,598,32,*,*,*
Pathanamthitta,Kerala,599,32,*,*,
Kollam,Kerala,600,32,*,*,*
Thiruvananthapuram,Kerala,601,32,*,*,*
Thiruvallur,Tamil Nadu,602,33,*,*,*
Chennai,Tamil Nadu,603,33,*,,*
Kancheepuram,Tamil Nadu,604,33,*,*,*
Vellore,Tamil Nadu,605,33,-43.5,*,*
Tiruvannamalai,Tamil Nadu,606,33,*,*,
Viluppuram,Tamil Nadu,607,33,*,*,
Salem,Tamil Nadu,608,33,*,*,*
Namakkal,Tamil Nadu,609,33,*,*,*
Erode,Tamil Nadu,610,33,*,*,*
The Nilgiris,Tamil Nadu,611,33,*,*,*
Dindigul,Tamil Nadu,612,33,*,*,*
Karur,Tamil Nadu,613,33,*,*,*
Tiruchirappalli,Tamil Nadu,614,33,*,*,*
Perambalur,Tamil Nadu,615,33,*,*,
Ariyalur,Tamil Nadu,616,33,*,*,
Cuddalore,Tamil Nadu,617,33,*,*,*
Nagapattinam,Tamil Nadu,618,33,*,*,
Thiruvarur,Tamil Nadu,619,33,*,*,
Thanjavur,Tamil Nadu,620,33,*,*,*
Pudukkottai,Tamil Nadu,621,33,-37.7,*,
Sivaganga,Tamil Nadu,622,33,*,*,*
Madurai,Tamil Nadu,623,33,*,*,*
Theni,Tamil Nadu,624,33,*,*,*
Virudhunagar,Tamil Nadu,625,33,*,*,*
Ramanathapuram,Tamil Nadu,626,33,*,*,*
Thoothukkudi,Tamil Nadu,627,33,*,*,*
Tirunelveli,Tamil Nadu,628,33,*,*,*
Kanniyakumari,Tamil Nadu,629,33,*,,*
Dharmapuri,Tamil Nadu,630,33,*,*,
Krishnagiri,Tamil Nadu,631,33,-54.5,-56.2,
Coimbatore,Tamil Nadu,632,33,*,,*
Tiruppur,Tamil Nadu,633,33,*,*,*
Yanam,Puducherry,634,34,*,,*
Puducherry,Puducherry,635,34,*,*,*
Mahe,Puducherry,636,34,*,,*
Karaikal,Puducherry,637,34,*,*,*
Nicobar,Andaman & Nicobar Islands,638,35,*,*,
North & Middle Andaman,Andaman & Nicobar Islands,639,35,*,*,
South Andaman,Andaman & Nicobar Islands,640,35,*,*,*